,,,,,,,평균값,평균값,평균값,평균값,평균값,평균값,평균값,평균값,평균값,평균값,평균값,평균값,평균값,평균값,평균값,평균값,평균값,평균값,평균값,평균값,평균값,평균값,평균값,평균값,평균값,평균값,평균값,평균값,평균값
작업장,일자,지종,평량,달력연도,달력월,시간|항목,BLADE_시간,BP평량,거칠음도_B,거칠음도_T,도공량_THERMAL,도공량_UNDER,동적발색도_EPSON,동적발색_0.8msec,동적발색_1.28msec,두께,백감도,백색도,불투명도,색상_a,색상_b,색상_L,선압,선압,속도,인열강도_MD,인장강도_MD,정적발색_110℃,정적발색_70℃,지합,투기도,평량,평활도_B,평활도_T,회분(배부)
CM22 코타와인더,2025.01.01,한솔감열지SF 장항,48,2025,1,0059,6.20,36.00,4.73,2.40,3.18,6.73,3.36,2.07,2.39,55.90,98.40,93.20,86.30,-0.44,1.09,94.10,146.00,96.00,"1,300.00",,,1.27,0.16,,,47.20,181.00,491.00,
CM22 코타와인더,2025.01.01,한솔감열지SF 장항,48,2025,1,0403,9.20,36.00,4.87,2.51,3.18,6.24,3.32,2.05,2.39,56.20,98.50,93.10,85.60,-0.45,1.14,94.10,143.00,93.00,"1,300.00",,,1.41,0.17,,,46.80,183.00,486.00,
CM22 코타와인더,2025.01.01,한솔감열지SF 장항,48,2025,1,0818,13.50,36.80,4.95,2.54,3.18,6.46,3.34,2.05,2.39,55.50,98.80,93.30,85.60,-0.43,1.07,94.20,143.00,93.00,"1,300.00",,,1.36,0.17,,,46.80,183.00,457.00,
CM22 코타와인더,2025.01.01,한솔감열지SF 장항,48,2025,1,1325,18.50,36.80,4.77,2.48,3.16,6.21,3.33,2.01,2.35,55.50,98.80,93.70,85.30,-0.50,1.21,94.40,143.00,93.00,"1,300.00",,,1.33,0.16,,,47.00,193.00,491.00,
CM22 코타와인더,2025.01.11,한솔감열지SF 장항,48,2025,1,0511,1.60,36.50,5.09,2.49,3.31,6.83,3.37,1.95,2.38,56.00,99.60,92.50,85.20,-0.52,1.01,93.70,135.00,85.00,"1,250.00",,,1.48,0.16,,,47.60,179.00,498.00,
CM22 코타와인더,2025.01.11,한솔감열지SF 장항,48,2025,1,0825,5.00,36.00,5.04,2.47,3.28,6.51,3.36,2.06,2.40,57.00,99.00,92.90,85.70,-0.48,1.12,94.00,133.00,83.00,"1,250.00",,,1.35,0.16,,,48.40,169.00,468.00,
CM22 코타와인더,2025.01.11,한솔감열지SF 장항,48,2025,1,1301,9.30,36.00,5.16,2.53,3.25,6.71,3.36,1.97,2.37,56.40,98.20,92.70,85.40,-0.52,1.19,93.90,133.00,83.00,"1,300.00",,,1.39,0.16,,,47.50,168.00,461.00,
CM22 코타와인더,2025.01.11,한솔감열지SF 장항,48,2025,1,1738,14.10,36.40,5.12,2.57,3.25,6.58,3.38,2.02,2.37,56.10,98.47,92.85,85.58,-0.52,1.16,94.08,133.00,83.00,"1,300.00",,,1.39,0.16,,,47.40,173.00,459.00,
CM22 코타와인더,2025.01.11,한솔감열지SF 장항,48,2025,1,2043,17.10,36.90,5.12,2.55,3.25,6.36,3.35,2.00,2.38,57.60,98.65,93.08,85.96,-0.49,1.18,94.15,133.00,83.00,"1,300.00",,,1.37,0.16,,,48.30,176.00,489.00,
CM22 코타와인더,2025.01.12,한솔감열지SF 장항,48,2025,1,2106,1.40,36.60,5.07,2.45,3.17,6.90,3.36,2.02,2.37,56.00,97.94,92.64,85.79,-0.54,1.09,93.95,133.00,83.00,"1,100.00",,,1.30,0.16,,,47.80,183.00,535.00,
CM22 코타와인더,2025.01.12,한솔감열지SF 장항,48,2025,1,0118,20.40,36.00,5.19,2.54,3.23,6.67,3.34,2.03,2.37,55.80,97.80,92.50,85.70,-0.56,1.19,93.90,133.00,83.00,"1,300.00",,,1.36,0.17,,,47.50,178.00,484.00,
CM22 코타와인더,2025.01.12,한솔감열지SF 장항,48,2025,1,0428,3.00,36.00,5.15,2.55,3.21,6.83,3.38,2.05,2.37,56.40,97.40,92.70,86.20,-0.56,1.18,94.00,133.00,83.00,"1,300.00",,,1.41,0.17,,,48.00,182.00,508.00,
CM22 코타와인더,2025.01.12,한솔감열지SF 장항,48,2025,1,0859,6.20,36.00,5.12,2.61,3.19,6.71,3.32,1.98,2.37,55.80,98.00,92.70,85.50,-0.53,1.15,93.90,133.00,83.00,"1,300.00",,,1.36,0.16,,,46.80,170.00,488.00,
CM22 코타와인더,2025.01.12,한솔감열지SF 장항,48,2025,1,1309,3.10,36.00,5.09,2.46,3.19,6.81,3.38,2.04,2.38,56.70,97.60,92.70,85.90,-0.53,1.16,94.00,133.00,83.00,"1,300.00",,,1.37,0.17,,,48.00,172.00,493.00,
CM22 코타와인더,2025.01.12,한솔감열지SF 장항,48,2025,1,1614,6.10,36.40,5.00,2.49,3.19,6.62,3.38,2.06,2.38,56.30,98.50,92.77,85.55,-0.51,1.16,94.00,133.00,83.00,"1,300.00",,,1.38,0.16,,,47.40,177.00,460.00,
CM22 코타와인더,2025.01.13,한솔감열지SF 장항,48,2025,1,0038,5.20,36.00,5.11,2.49,3.17,7.11,3.38,2.01,2.36,58.30,97.90,92.90,85.90,-0.56,1.21,94.10,133.00,83.00,"1,100.00",,,1.32,0.17,,,49.00,179.00,531.00,
CM22 코타와인더,2025.01.13,한솔감열지SF 장항,48,2025,1,0404,8.40,36.00,5.15,2.54,3.20,7.02,3.39,2.07,2.39,57.10,97.40,92.80,85.80,-0.57,1.21,94.10,133.00,83.00,"1,100.00",,,1.40,0.17,,,48.20,181.00,482.00,
CM22 코타와인더,2025.01.13,한솔감열지SF 장항,48,2025,1,0857,1.00,36.00,5.01,2.36,3.20,6.88,3.36,2.08,2.40,56.70,98.10,92.90,85.70,-0.54,1.18,94.10,133.00,83.00,"1,300.00",,,1.35,0.16,,,47.90,177.00,557.00,
CM22 코타와인더,2025.01.22,한솔감열지SF 장항,48,2025,1,0424,1.30,33.70,5.05,2.48,3.26,7.10,3.37,2.04,2.37,57.10,99.76,92.60,86.82,-0.50,0.98,93.79,135.00,85.00,"1,220.00",,,1.35,0.17,,,48.30,181.00,488.00,
CM22 코타와인더,2025.01.22,한솔감열지SF 장항,48,2025,1,2117,5.30,36.00,5.22,2.51,3.22,6.76,3.38,2.06,2.40,57.20,100.10,92.50,86.30,-0.50,1.02,93.70,135.00,85.00,"1,300.00",,,1.37,0.18,,,47.90,178.00,502.00,
CM22 코타와인더,2025.01.22,한솔감열지SF 장항,48,2025,1,1239,10.00,36.50,4.88,2.43,3.24,6.67,3.35,2.02,2.38,56.70,98.70,92.40,86.10,-0.51,1.07,93.80,135.00,85.00,"1,300.00",,,1.42,0.18,,,47.60,186.00,494.00,
CM22 코타와인더,2025.01.22,한솔감열지SF 장항,48,2025,1,0934,7.00,36.60,5.10,2.48,3.24,6.64,3.33,2.03,2.37,56.60,99.00,92.20,86.40,-0.54,1.06,93.70,135.00,85.00,"1,300.00",,,1.41,0.17,,,47.70,178.00,463.00,
CM22 코타와인더,2025.01.22,한솔감열지SF 장항,48,2025,1,1641,1.00,36.00,4.99,2.41,3.24,6.74,3.37,2.08,2.40,56.90,99.50,92.30,86.50,-0.64,0.97,93.60,135.00,85.00,"1,300.00",,,1.40,0.16,,,47.90,177.00,517.00,
CM22 코타와인더,2025.01.23,한솔감열지SF 장항,48,2025,1,0500,13.10,36.60,5.12,2.70,3.24,6.90,3.35,2.00,2.37,56.90,100.63,92.95,86.52,-0.44,1.00,93.91,135.00,85.00,"1,300.00",,,1.36,0.16,,,47.70,178.00,448.00,
CM22 코타와인더,2025.01.23,한솔감열지SF 장항,48,2025,1,0154,10.10,36.60,5.16,2.62,3.22,6.61,3.32,2.00,2.35,57.20,100.76,92.81,85.95,-0.44,0.98,93.83,135.00,85.00,"1,300.00",,,1.38,0.17,,,48.00,176.00,427.00,
CM22 코타와인더,2025.01.23,한솔감열지SF 장항,48,2025,1,0840,17.00,36.50,5.11,2.68,3.24,6.63,3.33,1.97,2.35,56.90,100.60,92.90,86.10,-0.42,1.02,93.90,135.00,85.00,"1,300.00",,,1.41,0.17,,,47.50,173.00,417.00,
CM22 코타와인더,2025.01.23,한솔감열지SF 장항,48,2025,1,1320,1.50,36.50,5.00,2.57,3.24,87.00,3.32,2.00,2.35,57.10,99.20,92.20,86.30,-0.49,1.05,93.60,135.00,85.00,"1,300.00",,,1.41,0.17,,,47.90,176.00,456.00,
CM22 코타와인더,2025.01.31,한솔감열지SF 장항,48,2025,1,0024,1.50,36.50,5.12,2.47,3.28,7.15,3.36,2.04,2.37,56.80,96.80,89.40,87.50,-0.73,0.93,92.30,137.00,87.00,"1,200.00",,,1.38,0.18,,,48.60,176.00,498.00,
CM22 코타와인더,2025.01.31,한솔감열지SF 장항,48,2025,1,0334,5.10,36.50,5.13,2.51,3.31,6.61,3.39,2.03,2.38,56.70,100.00,92.00,86.30,-0.51,0.86,93.30,137.00,87.00,"1,250.00",,,1.43,0.17,,,48.10,173.00,472.00,
CM22 코타와인더,2025.01.31,한솔감열지SF 장항,48,2025,1,1249,14.30,36.00,5.18,2.60,3.37,6.40,3.33,1.98,2.37,56.30,100.70,92.30,85.40,-0.54,0.92,93.40,137.00,87.00,"1,300.00",,,1.46,0.18,,,48.60,166.00,411.00,
CM22 코타와인더,2025.01.31,한솔감열지SF 장항,48,2025,1,0813,9.50,36.00,5.31,2.65,3.34,6.43,3.34,1.97,2.35,56.30,101.00,92.30,85.30,-0.57,0.94,93.40,137.00,87.00,"1,300.00",,,1.41,0.17,,,48.20,155.00,394.00,
CM22 코타와인더,2025.01.31,한솔감열지SF 장항,48,2025,1,1905,1.40,37.00,5.30,2.43,3.37,6.90,3.38,2.06,2.38,56.60,99.62,92.11,85.73,-0.62,1.02,93.46,137.00,87.00,"1,300.00",,,1.45,0.17,,,48.50,165.00,464.00,
CM22 코타와인더,2025.01.31,한솔감열지SF 장항,48,2025,1,2210,4.50,37.00,5.38,2.50,3.37,6.78,3.39,2.07,2.38,56.80,100.14,92.00,86.01,-0.58,0.90,93.32,137.00,87.00,"1,300.00",,,1.45,0.18,,,48.40,169.00,465.00,
CM22 코타와인더,2025.02.01,한솔감열지SF 장항,48,2025,2,0038,1.40,36.00,5.42,2.40,3.37,6.63,3.41,2.10,2.39,57.20,101.30,92.30,85.80,-0.56,0.85,93.40,137.00,87.00,"1,300.00",,,1.49,0.18,,,48.70,172.00,531.00,
CM22 코타와인더,2025.02.01,한솔감열지SF 장항,48,2025,2,0514,6.20,36.00,5.25,2.46,3.37,6.58,3.42,2.10,2.43,57.70,100.30,91.80,85.60,-0.64,0.94,93.20,137.00,87.00,"1,300.00",,,1.50,0.18,,,48.90,172.00,506.00,
CM22 코타와인더,2025.02.01,한솔감열지SF 장항,48,2025,2,0818,9.30,36.00,5.23,2.56,3.37,6.15,3.38,2.06,2.40,56.50,101.80,92.50,84.80,-0.53,0.90,93.50,137.00,87.00,"1,300.00",,,1.44,0.18,,,48.20,166.00,470.00,
CM22 코타와인더,2025.02.01,한솔감열지SF 장항,48,2025,2,1255,14.00,36.00,5.31,2.55,3.37,6.42,3.40,2.06,2.41,56.90,101.50,92.20,85.20,-0.53,0.88,93.30,137.00,87.00,"1,300.00",,,1.48,0.16,,,48.00,171.00,457.00,
CM22 코타와인더,2025.02.01,한솔감열지SF 장항,48,2025,2,1732,18.40,37.00,5.35,2.52,3.37,6.40,3.37,2.03,2.39,56.30,102.23,92.64,85.60,-0.52,0.82,93.48,140.00,90.00,"1,300.00",,,1.47,0.17,,,48.00,172.00,451.00,
CM22 코타와인더,2025.02.01,한솔감열지SF 장항,48,2025,2,2041,1.30,37.00,4.97,2.50,3.37,6.43,3.40,2.07,2.40,56.80,101.68,92.68,85.73,-0.51,0.95,93.59,140.00,90.00,"1,300.00",,,1.50,0.17,,,47.90,181.00,465.00,
CM22 코타와인더,2025.02.02,한솔감열지SF 장항,48,2025,2,0825,13.20,36.00,5.28,2.51,3.35,6.28,3.34,2.03,2.38,56.00,102.40,92.70,84.80,-0.48,0.84,93.50,140.00,90.00,"1,300.00",,,1.43,0.17,,,47.80,157.00,447.00,
CM22 코타와인더,2025.02.02,한솔감열지SF 장항,48,2025,2,0118,6.20,36.00,5.04,2.51,3.37,6.16,3.41,2.09,2.42,56.40,102.10,92.50,85.70,-0.52,0.89,93.50,140.00,90.00,"1,300.00",,,1.51,0.17,,,48.00,181.00,505.00,
CM22 코타와인더,2025.02.02,한솔감열지SF 장항,48,2025,2,0423,9.20,36.00,5.15,2.56,3.35,6.29,3.42,2.07,2.41,56.40,101.80,92.70,85.80,-0.50,0.90,93.60,140.00,90.00,"1,300.00",,,1.50,0.18,,,47.80,181.00,493.00,
CM22 코타와인더,2025.02.02,한솔감열지SF 장항,48,2025,2,1306,1.40,36.00,4.90,2.43,3.37,6.62,3.41,2.10,2.41,56.70,102.10,93.20,86.00,-0.47,0.92,93.70,140.00,90.00,"1,300.00",,,1.53,0.18,,,48.40,174.00,499.00,
CM22 코타와인더,2025.02.02,한솔감열지SF 장항,48,2025,2,1716,6.00,36.50,5.06,2.49,3.35,6.14,3.37,2.04,2.39,56.80,102.50,93.50,85.70,-0.44,0.91,93.90,140.00,90.00,"1,300.00",,,1.46,0.17,,,47.90,178.00,489.00,
CM22 코타와인더,2025.02.08,한솔감열지SF 장항,48,2025,2,1550,2.50,36.00,5.32,2.75,3.35,7.15,3.38,2.05,2.40,58.40,101.80,93.80,86.90,-0.53,0.96,94.10,150.00,100.00,"1,150.00",,,1.43,0.17,,,48.80,172.00,435.00,
CM22 코타와인더,2025.02.08,한솔감열지SF 장항,48,2025,2,2044,4.00,36.00,5.03,2.56,3.32,6.13,3.36,1.98,2.37,56.80,103.80,93.50,85.40,-0.46,0.98,93.90,143.00,93.00,"1,300.00",,,1.39,0.16,,,47.70,178.00,422.00,
CM22 코타와인더,2025.02.08,한솔감열지SF 장항,48,2025,2,1912,2.30,36.00,5.00,2.70,3.35,6.45,3.38,2.02,2.38,56.90,103.40,93.60,85.50,-0.41,0.94,94.10,140.00,90.00,"1,300.00",,,1.44,0.16,,,48.20,179.00,413.00,
CM22 코타와인더,2025.02.09,한솔감열지SF 장항,48,2025,2,1327,20.60,36.70,5.28,2.72,3.37,6.42,3.36,2.03,2.40,57.20,103.10,93.00,85.70,-0.45,0.85,93.80,145.00,95.00,"1,300.00",,,1.47,0.16,,,48.30,177.00,425.00,
CM22 코타와인더,2025.02.09,한솔감열지SF 장항,48,2025,2,0854,16.20,36.70,5.01,2.76,3.34,6.28,3.38,2.00,2.38,57.00,103.20,93.10,85.50,-0.42,0.86,93.80,143.00,93.00,"1,300.00",,,1.41,0.16,,,48.00,179.00,409.00,
CM22 코타와인더,2025.02.09,한솔감열지SF 장항,48,2025,2,0120,8.40,36.00,5.16,2.84,3.32,6.11,3.33,1.99,2.38,56.90,102.90,93.10,85.60,-0.42,0.91,93.80,143.00,93.00,"1,300.00",,,1.38,0.16,,,47.60,169.00,385.00,
CM22 코타와인더,2025.02.09,한솔감열지SF 장항,48,2025,2,0429,11.50,36.00,4.97,2.67,3.34,6.40,3.37,1.98,2.37,57.10,102.90,93.30,85.70,-0.41,0.94,93.90,143.00,93.00,"1,300.00",,,1.45,0.16,,,47.90,177.00,373.00,
CM22 코타와인더,2025.02.09,한솔감열지SF 장항,48,2025,2,1647,3.20,36.00,5.12,2.71,3.37,6.06,3.38,2.03,2.41,56.30,102.80,92.80,85.00,-0.50,0.93,93.70,145.00,95.00,"1,300.00",,,1.51,0.17,,,47.70,176.00,436.00,
CM22 코타와인더,2025.02.09,한솔감열지SF 장항,48,2025,2,1951,6.30,36.00,5.22,2.59,3.35,6.21,3.37,2.00,2.35,56.40,102.60,92.80,85.30,-0.51,0.93,93.80,145.00,95.00,"1,300.00",,,1.44,0.16,,,47.80,177.00,503.00,
CM22 코타와인더,2025.02.10,한솔감열지SF 장항,48,2025,2,0802,18.80,34.10,4.90,2.69,3.38,6.30,3.38,2.06,2.41,57.30,103.90,93.30,86.20,-0.41,0.84,93.90,145.00,95.00,"1,300.00",,,1.47,0.16,,,47.90,190.00,419.00,
CM22 코타와인더,2025.02.10,한솔감열지SF 장항,48,2025,2,1225,4.00,36.30,5.19,2.57,3.38,6.06,3.36,1.99,2.37,57.00,102.80,92.00,85.70,-0.57,0.88,93.30,145.00,95.00,"1,300.00",,,1.48,0.17,,,47.70,172.00,430.00,
CM22 코타와인더,2025.02.10,한솔감열지SF 장항,48,2025,2,0445,14.10,36.00,5.12,2.68,3.35,6.18,3.30,1.95,2.35,56.80,103.30,93.00,85.10,-0.48,0.97,93.80,145.00,95.00,"1,300.00",,,1.40,0.16,,,47.90,166.00,397.00,
CM22 코타와인더,2025.02.10,한솔감열지SF 장항,48,2025,2,0027,11.00,36.00,5.08,2.59,3.35,6.44,3.37,1.99,2.38,56.30,102.40,92.30,85.80,-0.48,0.89,93.40,145.00,95.00,"1,300.00",,,1.37,0.16,,,47.60,172.00,402.00,
CM22 코타와인더,2025.02.19,한솔감열지SF 장항,48,2025,2,0415,4.50,36.50,5.32,2.72,3.25,5.88,3.31,1.95,2.36,56.70,100.70,93.20,85.50,-0.45,1.10,94.10,145.00,95.00,"1,200.00",,,1.46,0.16,,,47.50,173.00,443.00,
CM22 코타와인더,2025.02.19,한솔감열지SF 장항,48,2025,2,0058,1.00,36.30,5.18,2.47,3.30,6.69,3.38,2.05,2.42,56.50,100.40,92.90,85.40,-0.47,1.12,94.00,145.00,95.00,"1,200.00",,,1.39,0.16,,,47.80,176.00,539.00,
CM22 코타와인더,2025.02.19,한솔감열지SF 장항,48,2025,2,0817,8.50,36.50,5.28,2.65,3.27,6.17,3.31,2.00,2.36,56.60,101.10,93.10,85.10,-0.45,1.06,94.00,145.00,95.00,"1,300.00",,,1.37,0.16,,,47.40,165.00,396.00,
CM22 코타와인더,2025.02.19,한솔감열지SF 장항,48,2025,2,1208,13.00,36.50,5.28,2.63,3.29,6.52,3.34,2.01,2.35,56.80,100.40,93.10,85.50,-0.46,1.01,94.00,145.00,95.00,"1,300.00",,,1.43,0.16,,,47.70,162.00,434.00,
CM22 코타와인더,2025.02.19,한솔감열지SF 장항,48,2025,2,1652,17.20,36.90,5.13,2.70,3.29,6.42,3.34,2.06,2.37,57.80,101.12,93.37,85.68,-0.47,1.09,94.11,145.00,95.00,"1,300.00",,,1.40,0.16,,,48.10,177.00,436.00,
CM22 코타와인더,2025.02.19,한솔감열지SF 장항,48,2025,2,1958,20.20,36.60,5.25,2.72,3.29,6.45,3.33,2.03,2.37,57.50,102.15,93.65,85.32,-0.44,1.06,94.18,150.00,100.00,"1,300.00",,,1.41,0.16,,,47.40,177.00,438.00,
CM22 코타와인더,2025.02.20,한솔감열지SF 장항,48,2025,2,0134,1.50,36.70,5.07,2.41,3.27,6.92,3.35,2.11,2.38,56.80,101.10,93.10,85.70,-0.48,0.95,93.90,145.00,95.00,"1,300.00",,,1.43,0.17,,,47.70,176.00,577.00,
CM22 코타와인더,2025.02.20,한솔감열지SF 장항,48,2025,2,0438,4.50,36.70,5.29,2.52,3.25,6.62,3.30,2.02,2.35,57.70,101.00,92.80,85.60,-0.45,0.96,93.80,145.00,95.00,"1,300.00",,,1.45,0.17,,,47.60,172.00,493.00,
CM22 코타와인더,2025.02.20,한솔감열지SF 장항,48,2025,2,0915,9.20,36.50,5.26,2.53,3.27,6.14,3.33,2.07,2.38,56.60,101.00,92.90,85.50,-0.48,1.01,93.80,145.00,95.00,"1,300.00",,,1.50,0.17,,,47.50,170.00,489.00,
CM22 코타와인더,2025.02.21,한솔감열지SF 장항,48,2025,2,1102,1.00,36.50,5.04,2.38,3.30,7.58,3.32,2.05,2.37,57.30,100.70,93.80,86.40,-0.42,1.10,94.30,145.00,95.00,"1,110.00",,,1.33,0.16,,,49.10,169.00,531.00,
CM22 코타와인더,2025.02.21,한솔감열지SF 장항,48,2025,2,2018,9.50,36.50,5.21,2.52,3.22,6.50,3.33,2.00,2.36,56.70,100.72,93.10,85.34,-0.46,1.08,94.04,145.00,95.00,"1,300.00",,,1.37,0.16,,,47.30,177.00,495.00,
CM22 코타와인더,2025.02.21,한솔감열지SF 장항,48,2025,2,1408,3.50,36.50,4.89,2.39,3.26,6.81,3.38,2.11,2.39,56.40,101.30,93.60,85.90,-0.46,1.09,94.20,145.00,95.00,"1,300.00",,,1.50,0.16,,,48.00,169.00,508.00,
CM22 코타와인더,2025.02.21,한솔감열지SF 장항,48,2025,2,1713,6.50,36.70,5.23,2.52,3.24,6.55,3.33,2.01,2.37,57.00,101.16,93.40,85.25,-0.49,1.14,94.14,145.00,95.00,"1,300.00",,,1.44,0.16,,,47.50,176.00,478.00,
CM22 코타와인더,2025.02.22,한솔감열지SF 장항,48,2025,2,1730,12.50,36.50,5.10,2.40,3.25,6.27,3.32,2.06,2.37,57.10,100.60,92.80,85.50,-0.48,1.02,93.90,147.00,97.00,"1,300.00",,,1.38,0.16,,,47.60,174.00,587.00,
CM22 코타와인더,2025.02.22,한솔감열지SF 장항,48,2025,2,0056,14.30,36.00,5.25,2.51,3.22,6.66,3.35,2.08,2.34,57.50,100.80,92.90,85.50,-0.50,1.03,93.90,145.00,95.00,"1,300.00",,,1.43,0.17,,,47.80,174.00,536.00,
CM22 코타와인더,2025.02.22,한솔감열지SF 장항,48,2025,2,0401,17.40,36.00,5.11,2.53,3.25,6.66,3.34,2.05,2.38,57.30,100.50,92.80,85.20,-0.50,1.02,93.90,145.00,95.00,"1,300.00",,,1.41,0.17,,,47.40,178.00,533.00,
CM22 코타와인더,2025.02.22,한솔감열지SF 장항,48,2025,2,0815,3.10,36.50,5.15,2.46,3.25,6.50,3.33,2.12,2.40,56.10,100.20,92.50,85.90,-0.54,1.01,93.70,147.00,97.00,"1,300.00",,,1.43,0.17,,,47.70,169.00,546.00,
CM22 코타와인더,2025.02.22,한솔감열지SF 장항,48,2025,2,2034,15.50,36.50,5.13,2.49,3.25,6.60,3.33,2.07,2.38,56.80,100.50,92.70,86.00,-0.46,1.06,93.80,147.00,97.00,"1,300.00",,,1.48,0.17,,,47.30,178.00,489.00,
CM22 코타와인더,2025.02.22,한솔감열지SF 장항,48,2025,2,1253,8.00,36.50,5.10,2.36,3.25,6.27,3.32,2.08,2.37,56.10,100.50,92.70,85.00,-0.50,1.04,93.80,147.00,97.00,"1,300.00",,,1.43,0.17,,,47.40,168.00,508.00,
CM22 코타와인더,2025.02.23,한솔감열지SF 장항,48,2025,2,0430,2.30,36.00,4.99,2.40,3.28,6.35,3.36,2.11,2.40,56.40,101.10,93.20,85.50,-0.43,1.02,94.00,147.00,97.00,"1,300.00",,,1.47,0.17,,,47.60,179.00,577.00,
CM22 코타와인더,2025.02.23,한솔감열지SF 장항,48,2025,2,0014,19.10,36.00,5.17,2.47,3.25,6.10,3.36,2.09,2.37,56.70,101.10,92.80,84.40,-0.47,1.00,93.90,147.00,97.00,"1,300.00",,,1.49,0.17,,,47.10,174.00,524.00,
CM22 코타와인더,2025.02.23,한솔감열지SF 장항,48,2025,2,0813,6.10,36.50,5.14,2.37,3.28,6.59,3.39,2.12,2.40,56.00,100.80,92.70,84.60,-0.50,0.98,93.80,147.00,97.00,"1,300.00",,,1.43,0.17,,,47.60,165.00,533.00,
CM22 코타와인더,2025.02.23,한솔감열지SF 장항,48,2025,2,1951,18.00,36.50,5.16,2.58,3.24,6.00,3.35,2.07,2.38,56.50,101.50,93.20,85.00,-0.45,0.98,93.90,147.00,97.00,"1,300.00",,,1.48,0.17,,,47.10,178.00,505.00,
CM22 코타와인더,2025.02.23,한솔감열지SF 장항,48,2025,2,1226,10.30,36.50,5.04,2.39,3.28,6.41,3.34,2.06,2.40,56.50,100.20,92.40,84.80,-0.55,1.04,93.70,147.00,97.00,"1,300.00",,,1.46,0.17,,,47.40,169.00,511.00,
CM22 코타와인더,2025.02.23,한솔감열지SF 장항,48,2025,2,1650,15.00,36.50,4.93,2.45,3.26,6.15,3.36,2.04,2.38,56.90,101.20,93.50,85.00,-0.45,1.03,94.00,147.00,97.00,"1,300.00",,,1.46,0.17,,,47.10,179.00,498.00,
CM22 코타와인더,2025.02.25,한솔감열지SF 장항,48,2025,2,1617,14.50,36.50,5.06,2.51,3.26,6.76,3.35,2.09,2.38,57.20,100.20,93.40,85.50,-0.43,1.00,94.10,150.00,100.00,"1,300.00",,,1.42,0.16,,,47.80,186.00,523.00,
CM22 코타와인더,2025.02.25,한솔감열지SF 장항,48,2025,2,1314,11.20,36.70,5.23,2.53,3.28,6.51,3.34,2.08,2.38,57.60,100.39,93.29,84.92,-0.46,1.03,94.09,147.00,97.00,"1,300.00",,,1.42,0.16,,,47.60,170.00,498.00,
CM22 코타와인더,2025.02.25,한솔감열지SF 장항,48,2025,2,2126,18.00,36.50,5.03,2.59,3.24,6.33,3.34,2.08,2.38,56.80,99.70,92.70,84.90,-0.54,1.04,93.60,150.00,100.00,"1,300.00",,,1.43,0.17,,,47.20,182.00,510.00,
CM22 코타와인더,2025.02.28,한솔감열지SF 장항,48,2025,2,0103,11.10,36.50,4.88,2.30,3.20,6.05,3.31,2.14,2.39,56.10,100.10,92.40,85.80,-0.41,0.98,93.70,145.00,95.00,"1,300.00",,,1.40,0.16,,,47.00,174.00,615.00,
CM22 코타와인더,2025.02.28,한솔감열지SF 장항,48,2025,2,0915,2.20,36.40,4.80,2.23,3.18,6.50,3.34,2.12,2.37,55.80,99.31,92.62,85.35,-0.50,1.10,93.89,145.00,95.00,"1,300.00",,,1.37,0.16,,,47.50,184.00,722.00,
CM22 코타와인더,2025.02.28,한솔감열지SF 장항,48,2025,2,1232,5.30,36.50,4.96,2.35,3.18,5.50,3.34,2.09,2.36,55.20,99.27,92.42,85.04,-0.51,1.12,93.80,142.00,92.00,"1,300.00",,,1.41,0.16,,,46.80,186.00,632.00,
CM22 코타와인더,2025.02.28,한솔감열지SF 장항,48,2025,2,1710,10.10,36.00,4.89,2.32,3.18,6.19,3.29,2.04,2.33,55.30,99.80,92.50,84.60,-0.53,1.08,93.80,140.00,90.00,"1,300.00",,,1.38,0.16,,,47.10,187.00,722.00,
CM22 코타와인더,2025.02.28,한솔감열지SF 장항,48,2025,2,2039,2.40,36.00,4.81,2.25,3.21,6.40,3.35,2.13,2.35,56.70,98.80,92.20,85.90,-0.53,1.10,93.90,138.00,88.00,"1,300.00",,,1.39,0.17,,,48.30,190.00,760.00,
CM22 코타와인더,2025.03.01,한솔감열지SF 장항,48,2025,3,0030,6.30,36.50,5.01,2.31,3.23,6.17,3.34,2.15,2.37,56.50,100.20,92.70,84.90,-0.50,1.13,93.90,138.00,88.00,"1,300.00",,,1.36,0.16,,,47.70,172.00,666.00,
CM22 코타와인더,2025.03.01,한솔감열지SF 장항,48,2025,3,0400,10.00,36.50,4.98,2.37,3.25,6.42,3.35,2.09,2.37,56.20,99.60,92.50,85.40,-0.52,1.12,93.80,138.00,88.00,"1,300.00",,,1.41,0.17,,,47.80,173.00,616.00,
CM22 코타와인더,2025.03.01,한솔감열지SF 장항,48,2025,3,0839,14.60,36.80,5.11,2.45,3.25,6.32,3.31,2.08,2.35,57.20,99.60,92.50,85.40,-0.47,1.12,93.80,138.00,88.00,"1,300.00",,,1.39,0.17,,,48.10,178.00,607.00,
CM22 코타와인더,2025.03.02,한솔감열지SF 장항,48,2025,3,2158,7.50,36.00,5.01,2.50,3.28,6.55,3.38,2.11,2.41,56.70,99.80,92.30,84.90,-0.55,1.14,93.70,138.00,88.00,"1,300.00",,,1.49,0.17,,,48.00,190.00,612.00,
CM22 코타와인더,2025.03.03,한솔감열지SF 장항,48,2025,3,0100,2.30,37.20,4.94,2.42,3.26,6.47,3.38,2.11,2.38,56.90,99.38,92.44,85.59,-0.50,1.11,93.79,138.00,88.00,"1,300.00",,,1.45,0.17,,,48.30,186.00,583.00,
CM22 코타와인더,2025.03.03,한솔감열지SF 장항,48,2025,3,2059,1.40,37.10,5.04,2.33,3.30,6.75,3.41,2.14,2.39,56.20,100.47,92.64,86.05,-0.45,1.01,93.79,142.00,92.00,"1,300.00",,,1.48,0.17,,,48.00,184.00,603.00,
CM22 코타와인더,2025.03.03,한솔감열지SF 장항,48,2025,3,0345,5.10,37.10,4.99,2.39,3.24,6.35,3.34,2.06,2.36,56.40,100.12,92.77,85.66,-0.46,1.07,93.90,138.00,88.00,"1,300.00",,,1.42,0.17,,,47.80,188.00,589.00,
CM22 코타와인더,2025.03.03,한솔감열지SF 장항,48,2025,3,1610,17.70,37.20,4.98,2.49,3.28,6.42,3.30,2.13,2.36,56.40,100.40,92.30,85.60,-0.48,1.00,93.60,142.00,92.00,"1,300.00",,,1.43,0.17,,,48.00,182.00,592.00,
CM22 코타와인더,2025.03.03,한솔감열지SF 장항,48,2025,3,1305,14.60,37.20,4.90,2.52,3.27,6.17,3.33,2.14,2.37,56.70,100.80,92.30,85.60,-0.50,1.03,93.60,142.00,92.00,"1,300.00",,,1.43,0.17,,,48.00,186.00,579.00,
CM22 코타와인더,2025.03.03,한솔감열지SF 장항,48,2025,3,0826,10.00,37.00,4.98,2.48,3.27,6.02,3.35,2.11,2.36,56.80,100.10,92.50,85.60,-0.47,1.05,93.80,138.00,88.00,"1,300.00",,,1.49,0.16,,,47.70,189.00,589.00,
CM22 코타와인더,2025.03.04,한솔감열지SF 장항,48,2025,3,1016,6.30,36.60,5.17,2.44,3.30,6.32,3.38,2.10,2.40,56.60,99.60,92.00,86.30,-0.47,1.01,93.50,142.00,92.00,"1,300.00",,,1.48,0.17,,,47.50,181.00,576.00,
CM22 코타와인더,2025.03.04,한솔감열지SF 장항,48,2025,3,1322,9.50,36.90,4.97,2.43,3.28,6.30,3.40,2.12,2.41,57.90,99.80,92.50,85.60,-0.53,1.09,93.80,142.00,92.00,"1,300.00",,,1.50,0.17,,,48.30,186.00,556.00,
CM22 코타와인더,2025.03.04,한솔감열지SF 장항,48,2025,3,1628,12.30,36.50,4.84,2.57,3.25,6.10,3.31,2.10,2.39,56.50,100.20,92.30,85.70,-0.52,0.99,93.60,142.00,92.00,"1,300.00",,,1.47,0.17,,,47.40,178.00,581.00,
CM22 코타와인더,2025.03.04,한솔감열지SF 장항,48,2025,3,2108,17.10,36.50,4.94,2.51,3.25,6.41,3.31,2.00,2.35,56.90,99.90,92.00,86.70,-0.47,0.97,93.50,142.00,92.00,"1,300.00",,,1.45,0.17,,,47.60,179.00,503.00,
CM22 코타와인더,2025.03.05,한솔감열지SF 장항,48,2025,3,0802,8.00,36.80,4.98,2.39,3.25,6.39,3.36,2.10,2.36,56.90,99.70,92.60,86.30,-0.52,1.07,93.80,142.00,92.00,"1,300.00",,,1.44,0.17,,,48.20,183.00,570.00,
CM22 코타와인더,2025.03.05,한솔감열지SF 장항,48,2025,3,1637,16.20,36.50,5.00,2.67,3.25,5.78,3.35,1.97,2.37,56.50,99.30,91.40,85.30,-0.49,1.06,93.30,142.00,92.00,"1,300.00",,,1.47,0.17,,,46.80,164.00,411.00,
CM22 코타와인더,2025.03.05,한솔감열지SF 장항,48,2025,3,2001,19.40,36.50,5.07,2.68,3.25,6.37,3.34,2.04,2.40,57.30,98.40,91.30,86.70,-0.57,1.10,93.30,142.00,92.00,"1,300.00",,,1.50,0.18,,,48.30,173.00,507.00,
CM22 코타와인더,2025.03.05,한솔감열지SF 장항,48,2025,3,1245,12.50,36.70,5.13,2.56,3.25,5.76,3.32,2.06,2.38,56.70,99.70,92.00,85.40,-0.49,1.02,93.40,142.00,92.00,"1,300.00",,,1.48,0.17,,,47.50,178.00,510.00,
CM22 코타와인더,2025.03.05,한솔감열지SF 장항,48,2025,3,0457,4.40,37.20,5.02,2.37,3.25,6.01,3.35,2.11,2.38,56.30,99.88,92.24,86.00,-0.51,1.00,93.63,142.00,92.00,"1,300.00",,,1.47,0.17,,,47.70,182.00,564.00,
CM22 코타와인더,2025.03.05,한솔감열지SF 장항,48,2025,3,0151,,37.20,4.95,2.30,3.27,6.22,3.38,2.12,2.38,56.70,100.20,92.85,85.41,-0.49,1.05,93.91,142.00,92.00,"1,300.00",,,1.41,0.17,,,47.60,180.00,590.00,
CM22 코타와인더,2025.03.06,한솔감열지SF 장항,48,2025,3,0136,4.50,37.00,5.00,2.49,3.25,6.41,3.36,2.10,2.38,56.90,100.18,92.38,85.72,-0.49,0.99,93.67,142.00,92.00,"1,200.00",,,1.48,0.17,,,48.10,186.00,536.00,
CM22 코타와인더,2025.03.06,한솔감열지SF 장항,48,2025,3,0539,8.50,36.70,5.58,2.69,3.25,6.10,3.30,1.99,2.34,56.20,100.11,91.40,84.47,-0.56,0.99,93.11,137.00,87.00,"1,200.00",,,1.42,0.17,,,47.90,162.00,507.00,
CM22 코타와인더,2025.03.06,한솔감열지SF 장항,48,2025,3,1838,1.40,36.50,5.24,2.25,3.32,8.19,3.39,2.16,2.43,57.60,99.90,92.40,87.50,-0.60,0.99,93.70,137.00,87.00,"1,080.00",,,1.48,0.17,,,50.20,179.00,794.00,
CM22 코타와인더,2025.03.06,한솔감열지SF 장항,48,2025,3,2022,4.00,36.50,5.01,2.35,3.28,6.99,3.40,2.11,2.40,56.80,99.80,92.20,86.20,-0.56,1.01,93.60,137.00,87.00,"1,140.00",,,1.50,0.17,,,48.60,172.00,623.00,
CM22 코타와인더,2025.03.07,한솔감열지SF 장항,48,2025,3,0111,8.40,37.10,5.40,2.52,2.70,6.49,3.41,2.07,2.40,56.90,99.82,92.24,86.21,-0.55,0.99,93.66,137.00,87.00,"1,300.00",,,1.47,0.16,,,48.20,170.00,529.00,
CM22 코타와인더,2025.03.10,한솔감열지SF 장항,48,2025,3,0711,6.00,36.50,5.15,2.45,3.20,6.31,3.31,2.13,2.38,56.60,99.70,91.80,85.80,-0.59,1.07,93.50,143.00,93.00,"1,300.00",,,1.47,0.17,,,47.70,176.00,536.00,
CM22 코타와인더,2025.03.10,한솔감열지SF 장항,48,2025,3,0833,7.20,36.00,5.21,2.39,3.20,6.48,3.35,2.16,2.40,56.20,99.80,92.20,85.50,-0.59,1.08,93.70,143.00,93.00,"1,300.00",,,1.47,0.17,,,47.40,182.00,625.00,
CM22 코타와인더,2025.03.14,한솔감열지SF 장항,48,2025,3,1038,1.50,36.50,4.92,2.33,3.32,7.27,3.39,2.17,2.45,57.50,101.40,93.60,87.20,-0.44,0.96,94.20,148.00,98.00,"1,230.00",,,1.43,0.16,,,48.90,191.00,533.00,
CM22 코타와인더,2025.03.14,한솔감열지SF 장항,48,2025,3,1342,4.50,36.50,4.87,2.45,3.28,7.29,3.39,2.12,2.42,57.40,100.50,93.10,87.10,-0.48,1.01,94.00,140.00,90.00,"1,300.00",,,1.46,0.17,,,47.80,187.00,541.00,
CM22 코타와인더,2025.03.14,한솔감열지SF 장항,48,2025,3,1647,8.00,36.50,4.70,2.49,4.71,7.17,3.43,2.14,2.42,56.70,100.80,92.90,86.70,-0.47,1.01,93.90,145.00,95.00,"1,300.00",,,1.46,0.17,,,47.60,191.00,537.00,
CM22 코타와인더,2025.03.14,한솔감열지SF 장항,48,2025,3,2125,12.40,36.00,4.90,2.44,3.22,6.78,3.38,2.12,2.42,57.30,99.90,92.80,86.50,-0.49,1.07,93.90,145.00,95.00,"1,300.00",,,1.44,0.17,,,47.60,181.00,495.00,
CM22 코타와인더,2025.03.15,한솔감열지SF 장항,48,2025,3,0137,1.20,36.00,4.75,2.32,3.20,6.91,3.40,2.12,2.37,57.40,99.80,92.90,86.90,-0.45,1.01,93.90,148.00,98.00,"1,300.00",,,1.43,0.17,,,48.10,183.00,520.00,
CM22 코타와인더,2025.03.15,한솔감열지SF 장항,48,2025,3,0442,4.20,36.00,4.83,2.36,3.20,6.62,3.41,2.13,2.40,57.50,99.40,92.30,86.50,-0.48,1.04,93.80,150.00,100.00,"1,300.00",,,1.42,0.17,,,47.50,182.00,512.00,
CM22 코타와인더,2025.03.15,한솔감열지SF 장항,48,2025,3,1256,4.50,36.50,4.82,2.37,3.23,6.40,3.35,2.11,2.40,56.90,99.50,92.50,86.20,-0.48,1.08,93.80,150.00,100.00,"1,300.00",,,1.45,0.17,,,47.50,188.00,486.00,
CM22 코타와인더,2025.03.15,한솔감열지SF 장항,48,2025,3,0951,1.50,36.50,4.90,2.35,3.20,6.66,3.32,2.09,2.35,56.80,99.30,93.00,85.30,-0.49,1.13,94.10,150.00,100.00,"1,240.00",,,1.35,0.16,,,47.60,193.00,560.00,
CM22 코타와인더,2025.03.15,한솔감열지SF 장항,48,2025,3,1930,1.60,36.40,5.03,2.40,3.23,6.93,3.36,2.10,2.39,56.70,98.90,92.60,86.00,-0.51,1.12,93.90,150.00,100.00,"1,300.00",,,1.36,0.16,,,47.60,178.00,512.00,
CM22 코타와인더,2025.03.16,한솔감열지SF 장항,48,2025,3,0108,2.50,36.00,4.93,2.53,3.21,6.62,3.31,2.06,2.36,56.90,100.10,92.60,85.80,-0.48,1.07,93.80,150.00,100.00,"1,300.00",,,1.42,0.17,,,47.20,183.00,469.00,
CM22 코타와인더,2025.03.16,한솔감열지SF 장항,48,2025,3,0447,6.30,36.00,5.07,2.59,3.21,6.65,3.31,2.10,2.37,57.00,99.50,92.20,86.10,-0.54,1.11,93.70,150.00,100.00,"1,300.00",,,1.43,0.17,,,47.60,194.00,540.00,
CM22 코타와인더,2025.03.16,한솔감열지SF 장항,48,2025,3,0811,10.00,37.00,4.78,2.48,3.21,6.43,3.35,2.05,2.36,56.50,99.01,92.84,85.72,-0.53,1.18,94.08,150.00,100.00,"1,300.00",,,1.39,0.16,,,47.60,191.00,485.00,
CM22 코타와인더,2025.03.24,한솔감열지SF 장항,48,2025,3,0309,1.00,36.40,5.02,2.39,3.23,7.04,3.40,2.15,2.41,56.70,98.45,92.20,86.66,-0.47,1.07,93.74,150.00,100.00,"1,210.00",,,1.45,0.17,,,48.00,183.00,506.00,
CM22 코타와인더,2025.03.24,한솔감열지SF 장항,48,2025,3,1414,1.00,36.30,5.03,2.26,3.15,7.17,3.38,2.15,2.40,57.20,98.50,91.50,87.10,-0.55,1.03,93.40,150.00,100.00,"1,220.00",,,1.43,0.18,,,48.30,186.00,526.00,
CM22 코타와인더,2025.03.24,한솔감열지SF 장항,48,2025,3,0827,3.50,36.20,4.95,2.44,3.17,6.55,3.33,2.09,2.39,57.00,98.90,91.80,86.60,-0.53,1.07,93.60,150.00,100.00,"1,300.00",,,1.42,0.17,,,47.60,185.00,489.00,
CM22 코타와인더,2025.03.24,한솔감열지SF 장항,48,2025,3,1605,3.00,36.50,4.94,2.39,3.13,6.55,3.36,2.08,1.37,56.60,98.90,92.00,87.00,-0.51,1.07,93.60,150.00,100.00,"1,300.00",,,1.39,0.17,,,48.00,189.00,517.00,
CM22 코타와인더,2025.03.24,한솔감열지SF 장항,48,2025,3,2150,7.10,36.50,4.80,2.48,3.13,7.54,3.38,2.14,2.37,56.70,99.40,92.60,87.40,-0.54,1.00,93.80,150.00,100.00,"1,300.00",,,1.39,0.18,,,49.10,206.00,502.00,
CM22 코타와인더,2025.03.25,한솔감열지SF 장항,48,2025,3,1409,1.60,36.40,4.89,2.20,3.13,7.06,3.40,2.13,2.38,56.70,98.30,92.00,86.80,-0.49,1.07,93.60,150.00,100.00,"1,300.00",,,1.45,0.17,,,47.90,186.00,553.00,
CM22 코타와인더,2025.03.25,한솔감열지SF 장항,48,2025,3,1714,4.50,36.50,4.85,2.40,3.13,6.42,3.38,2.16,2.41,56.20,97.90,91.80,86.90,-0.50,1.09,93.50,150.00,100.00,"1,300.00",,,1.38,0.17,,,47.20,182.00,526.00,
CM22 코타와인더,2025.03.25,한솔감열지SF 장항,48,2025,3,0056,3.30,36.50,4.91,2.39,3.13,6.70,3.37,2.10,2.38,56.50,98.94,91.77,86.56,-0.56,1.05,93.53,150.00,100.00,"1,300.00",,,1.43,0.17,,,47.40,182.00,514.00,
CM22 코타와인더,2025.03.25,한솔감열지SF 장항,48,2025,3,0401,6.30,35.80,4.93,2.45,3.13,6.79,3.35,2.11,2.37,56.10,99.09,91.90,86.16,-0.55,1.05,93.57,150.00,100.00,"1,300.00",,,1.37,0.17,,,47.10,189.00,514.00,
CM22 코타와인더,2025.03.25,한솔감열지SF 장항,48,2025,3,0838,11.10,0.38,4.93,2.40,3.13,6.67,3.36,2.09,2.37,56.80,99.10,91.70,85.90,-0.58,1.10,93.50,150.00,100.00,"1,300.00",,,1.45,0.17,,,47.20,194.00,724.00,
CM22 코타와인더,2025.03.25,한솔감열지SF 장항,48,2025,3,1956,7.20,36.50,4.78,2.37,3.11,6.63,3.35,2.11,2.39,56.00,97.80,92.00,86.20,-0.50,1.11,93.70,150.00,100.00,"1,300.00",,,1.41,0.17,,,47.00,187.00,493.00,
CM22 코타와인더,2025.03.26,한솔감열지SF 장항,48,2025,3,0542,17.10,36.40,4.75,2.49,3.11,6.65,3.34,2.08,2.37,56.50,98.65,92.21,85.99,-0.49,1.08,93.76,148.00,98.00,"1,300.00",,,1.38,0.17,,,47.20,188.00,519.00,
CM22 코타와인더,2025.03.26,한솔감열지SF 장항,48,2025,3,0235,14.00,36.20,4.92,2.44,3.09,6.90,3.33,2.06,2.37,55.90,99.18,92.36,85.71,-0.47,1.04,93.78,150.00,100.00,"1,300.00",,,1.39,0.17,,,46.90,190.00,505.00,
CM22 코타와인더,2025.03.26,한솔감열지SF 장항,48,2025,3,1330,3.10,36.00,4.94,2.32,3.13,6.79,3.34,2.10,2.36,56.50,,5.00,,,,,148.00,98.00,"1,300.00",,,1.44,0.18,,,47.50,183.00,545.00,
CM22 코타와인더,2025.03.26,한솔감열지SF 장항,48,2025,3,0847,20.10,36.00,4.90,2.50,3.11,6.75,3.32,2.11,2.36,56.40,98.90,91.90,86.20,-0.55,1.10,93.60,148.00,98.00,"1,300.00",,,1.44,0.17,,,47.00,185.00,448.00,
CM22 코타와인더,2025.03.26,한솔감열지SF 장항,48,2025,3,1718,7.00,36.50,5.12,2.41,3.13,6.59,3.34,2.16,2.39,57.10,98.00,91.80,86.10,-0.48,1.02,93.60,148.00,98.00,"1,300.00",,,1.40,0.17,,,47.10,196.00,519.00,
CM22 코타와인더,2025.03.30,한솔감열지SF 장항,48,2025,3,1925,1.40,36.70,5.45,2.53,3.16,6.85,3.38,2.13,2.38,56.80,98.65,92.26,86.02,-0.42,0.97,93.68,148.00,98.00,"1,300.00",,,1.36,0.17,,,47.30,177.00,502.00,
CM22 코타와인더,2025.04.04,한솔감열지SF 장항,48,2025,4,0620,2.40,36.00,5.37,2.61,3.13,6.55,3.36,2.13,2.39,56.70,99.10,92.70,85.80,-0.46,0.97,93.80,150.00,100.00,"1,300.00",,,1.44,0.17,,,47.20,178.00,520.00,
CM22 코타와인더,2025.04.04,한솔감열지SF 장항,48,2025,4,0924,5.50,36.00,5.23,2.58,3.13,6.41,3.31,2.08,2.37,56.30,98.80,92.10,86.00,-0.50,0.96,93.60,150.00,100.00,"1,300.00",,,1.41,0.17,,,47.20,179.00,467.00,
CM22 코타와인더,2025.04.04,한솔감열지SF 장항,48,2025,4,1632,2.00,36.20,5.02,2.48,3.15,6.87,3.37,2.14,2.39,56.30,99.30,92.30,86.10,-0.47,0.94,93.70,150.00,100.00,"1,300.00",,,1.45,0.17,,,47.50,195.00,570.00,
CM22 코타와인더,2025.04.04,한솔감열지SF 장항,48,2025,4,1229,9.00,36.00,5.18,2.68,3.13,6.48,3.31,2.07,2.37,56.30,99.10,92.30,85.90,-0.48,0.98,93.60,150.00,100.00,"1,300.00",,,1.41,0.18,,,46.80,183.00,482.00,
CM22 코타와인더,2025.04.04,한솔감열지SF 장항,48,2025,4,2224,2.50,36.20,4.97,2.37,3.13,6.66,3.34,2.14,2.38,56.10,99.30,92.20,86.50,-0.50,0.96,93.60,150.00,100.00,"1,300.00",,,1.45,0.17,,,47.20,196.00,529.00,
CM22 코타와인더,2025.04.05,한솔감열지SF 장항,48,2025,4,0057,5.00,36.00,5.18,2.50,3.13,6.36,3.38,2.14,2.39,56.80,99.00,91.80,86.30,-0.52,0.92,93.40,150.00,100.00,"1,300.00",,,1.43,0.18,,,47.10,193.00,570.00,
CM22 코타와인더,2025.04.05,한솔감열지SF 장항,48,2025,4,0421,8.20,36.00,5.13,2.53,3.11,6.23,3.33,2.11,2.37,55.80,94.40,92.20,85.90,-0.49,0.92,93.60,150.00,100.00,"1,300.00",,,1.42,0.18,,,46.70,185.00,515.00,
CM22 코타와인더,2025.04.05,한솔감열지SF 장항,48,2025,4,0947,13.50,36.60,5.17,2.65,3.13,6.49,3.32,2.11,2.37,56.80,100.25,92.60,85.85,-0.46,0.89,93.71,147.00,97.00,"1,300.00",,,1.40,0.17,,,47.20,184.00,459.00,
CM22 코타와인더,2025.04.05,한솔감열지SF 장항,48,2025,4,1254,17.00,36.20,5.17,2.75,3.13,6.54,3.36,2.13,2.38,57.00,99.74,92.30,85.88,-0.53,0.91,93.64,147.00,97.00,"1,300.00",,,1.41,0.17,,,47.10,186.00,498.00,
CM22 코타와인더,2025.04.05,한솔감열지SF 장항,48,2025,4,1601,20.00,36.30,5.15,2.70,3.13,6.82,3.36,2.13,2.40,56.80,99.30,92.00,86.60,-0.54,0.90,93.50,147.00,97.00,"1,300.00",,,1.42,0.18,,,47.50,185.00,474.00,
CM22 코타와인더,2025.04.05,한솔감열지SF 장항,48,2025,4,2047,3.00,36.30,5.01,2.40,3.13,6.50,3.35,2.17,2.38,56.90,99.50,92.20,85.70,-0.54,0.94,93.60,147.00,97.00,"1,300.00",,,1.46,0.18,,,47.20,190.00,575.00,
CM22 코타와인더,2025.04.06,한솔감열지SF 장항,48,2025,4,0431,10.50,36.00,5.20,2.60,3.16,6.46,3.35,2.10,2.37,56.70,98.90,92.10,86.00,-0.49,0.93,93.60,147.00,97.00,"1,300.00",,,1.44,0.17,,,46.80,187.00,486.00,
CM22 코타와인더,2025.04.06,한솔감열지SF 장항,48,2025,4,0124,7.50,36.00,5.33,2.66,3.13,6.50,3.33,2.10,2.36,56.80,98.60,92.00,85.90,-0.55,1.00,93.60,147.00,97.00,"1,300.00",,,1.44,0.17,,,46.80,187.00,447.00,
CM22 코타와인더,2025.04.06,한솔감열지SF 장항,48,2025,4,0850,15.10,36.50,5.25,2.77,3.18,6.70,3.33,2.08,2.36,57.00,98.78,91.96,85.87,-0.57,1.00,93.58,147.00,97.00,"1,300.00",,,1.39,0.17,,,47.50,182.00,455.00,
CM22 코타와인더,2025.04.06,한솔감열지SF 장항,48,2025,4,1252,19.10,36.50,5.21,2.75,3.20,6.52,3.34,2.10,2.37,56.90,98.45,92.30,85.88,-0.53,1.04,93.76,147.00,97.00,"1,300.00",,,1.40,0.17,,,47.10,186.00,447.00,
CM22 코타와인더,2025.04.06,한솔감열지SF 장항,48,2025,4,1705,1.50,36.10,5.04,2.42,3.20,6.89,3.36,2.15,2.36,57.00,98.60,92.40,86.30,-0.54,1.02,93.80,147.00,97.00,"1,300.00",,,1.40,0.17,,,47.60,183.00,501.00,
CM22 코타와인더,2025.04.06,한솔감열지SF 장항,48,2025,4,2138,6.00,36.30,5.11,2.66,3.22,6.65,3.30,2.11,2.34,57.00,99.60,92.60,85.90,-0.52,1.00,93.80,147.00,97.00,"1,300.00",,,1.42,0.18,,,47.60,185.00,488.00,
CM22 코타와인더,2025.04.07,한솔감열지SF 장항,48,2025,4,0002,8.30,36.00,5.10,2.51,3.26,6.89,3.38,2.14,2.39,56.80,98.90,92.10,86.40,-0.54,0.97,93.50,147.00,97.00,"1,300.00",,,1.44,0.17,,,47.30,190.00,582.00,
CM22 코타와인더,2025.04.07,한솔감열지SF 장항,48,2025,4,0353,12.20,36.00,5.16,2.52,3.26,7.59,3.37,2.19,2.43,57.10,99.70,92.60,85.80,-0.48,0.99,93.80,147.00,97.00,"1,300.00",,,1.52,0.18,,,47.80,190.00,501.00,
CM22 코타와인더,2025.04.10,한솔감열지SF 장항,48,2025,4,2000,8.10,36.00,5.20,2.58,3.15,6.53,3.39,2.12,2.42,56.50,98.90,92.50,86.40,-0.49,0.99,93.80,147.00,97.00,"1,300.00",,,1.43,0.17,,,47.10,187.00,566.00,
CM22 코타와인더,2025.04.11,한솔감열지SF 장항,48,2025,4,0418,16.30,36.00,5.28,2.57,3.15,6.62,3.37,2.10,2.40,56.90,98.50,92.10,86.10,-0.54,1.00,93.70,147.00,97.00,"1,300.00",,,1.42,0.18,,,47.20,194.00,523.00,
CM22 코타와인더,2025.04.11,한솔감열지SF 장항,48,2025,4,0006,12.20,36.00,5.13,2.58,3.12,6.50,3.35,2.07,2.37,57.30,98.80,92.30,85.80,-0.50,1.02,93.70,147.00,97.00,"1,300.00",,,1.42,0.17,,,47.30,191.00,515.00,
CM22 코타와인더,2025.04.13,한솔감열지SF 장항,48,2025,4,2119,11.50,36.50,5.24,2.67,3.16,6.49,3.35,2.10,2.38,57.30,99.10,92.50,86.40,-0.40,0.93,93.80,147.00,97.00,"1,200.00",,,1.41,0.18,,,46.90,187.00,524.00,
CM22 코타와인더,2025.04.13,한솔감열지SF 장항,48,2025,4,0755,18.60,36.30,5.17,2.62,3.20,6.89,3.32,2.11,2.38,56.80,99.60,92.60,86.00,-0.46,1.00,93.80,147.00,97.00,"1,250.00",,,1.39,0.17,,,47.30,190.00,523.00,
CM22 코타와인더,2025.04.13,한솔감열지SF 장항,48,2025,4,1213,2.60,36.10,5.14,2.52,3.18,6.47,3.37,2.11,2.37,56.80,99.50,92.70,85.90,-0.44,1.04,93.90,147.00,97.00,"1,200.00",,,1.45,0.17,,,47.30,183.00,523.00,
CM22 코타와인더,2025.04.13,한솔감열지SF 장항,48,2025,4,1619,6.40,36.50,5.28,2.69,3.16,6.34,3.35,2.09,2.38,57.20,98.90,92.40,85.90,-0.48,1.08,93.80,147.00,97.00,"1,200.00",,,1.38,0.17,,,46.90,183.00,543.00,
CM22 코타와인더,2025.04.14,한솔감열지SF 장항,48,2025,4,0028,15.00,36.60,5.35,2.62,3.16,7.05,3.38,2.08,2.39,57.40,99.02,92.77,86.03,-0.44,1.03,93.95,147.00,97.00,"1,200.00",,,1.36,0.17,,,47.50,181.00,459.00,
CM22 코타와인더,2025.04.14,한솔감열지SF 장항,48,2025,4,0506,3.00,36.60,5.17,2.48,3.14,7.24,3.38,2.13,2.39,57.10,98.95,92.90,86.09,-0.44,1.04,94.01,147.00,97.00,"1,150.00",,,1.37,0.17,,,47.70,188.00,507.00,
CM22 코타와인더,2025.04.14,한솔감열지SF 장항,48,2025,4,0931,7.50,36.30,5.14,2.48,3.12,6.98,3.38,2.15,2.41,57.00,98.80,92.40,86.00,-0.50,0.99,93.80,147.00,97.00,"1,150.00",,,1.42,0.17,,,47.60,199.00,532.00,
CM22 코타와인더,2025.04.14,한솔감열지SF 장항,48,2025,4,1327,1.70,36.20,5.16,2.47,3.10,7.09,3.36,2.15,2.40,56.80,98.80,92.30,86.40,-0.50,0.97,93.70,147.00,97.00,"1,150.00",,,1.40,0.17,,,47.20,193.00,536.00,
CM22 코타와인더,2025.04.14,한솔감열지SF 장항,48,2025,4,1642,5.10,36.50,5.36,2.56,3.10,6.70,3.32,2.11,2.37,56.80,99.10,92.40,86.10,-0.48,0.96,93.70,147.00,97.00,"1,250.00",,,1.37,0.17,,,47.20,183.00,515.00,
CM22 코타와인더,2025.04.14,한솔감열지SF 장항,48,2025,4,2047,3.00,36.50,5.31,2.56,3.10,6.52,3.34,2.13,2.39,57.00,99.70,92.60,85.70,-0.45,0.96,93.80,147.00,97.00,"1,250.00",,,1.40,0.18,,,47.60,187.00,531.00,
CM22 코타와인더,2025.04.15,한솔감열지SF 장항,48,2025,4,0116,7.40,36.50,5.27,2.60,3.10,6.87,3.37,2.09,2.37,57.00,99.41,92.76,85.78,-0.46,1.02,93.87,147.00,97.00,"1,150.00",,,1.38,0.17,,,47.10,177.00,499.00,
CM22 코타와인더,2025.04.15,한솔감열지SF 장항,48,2025,4,0439,11.00,36.60,5.22,2.65,3.10,6.80,3.36,2.09,2.37,56.90,99.50,92.70,86.10,-0.48,1.03,93.93,147.00,97.00,"1,150.00",,,1.34,0.16,,,47.50,184.00,476.00,
CM22 코타와인더,2025.04.20,한솔감열지SF 장항,48,2025,4,1052,7.20,36.50,4.91,2.38,3.17,6.99,3.36,2.13,2.41,56.80,98.90,92.50,86.30,-0.52,0.96,93.80,147.00,97.00,"1,250.00",,,1.47,0.18,,,47.50,185.00,564.00,
CM22 코타와인더,2025.04.20,한솔감열지SF 장항,48,2025,4,2006,4.50,36.20,5.01,2.53,3.14,6.70,3.32,2.02,2.34,56.50,100.31,93.14,85.01,-0.50,0.97,94.01,147.00,97.00,"1,300.00",,,1.38,0.17,,,47.10,182.00,505.00,
CM22 코타와인더,2025.04.20,한솔감열지SF 장항,48,2025,4,1627,1.00,36.50,4.95,2.34,3.14,7.00,3.36,2.06,2.36,56.70,99.58,92.61,86.02,-0.50,0.91,93.83,147.00,97.00,"1,300.00",,,1.39,0.17,,,47.20,188.00,523.00,
CM22 코타와인더,2025.04.21,한솔감열지SF 장항,48,2025,4,0848,17.40,36.00,4.66,2.47,3.16,6.90,3.35,2.09,2.38,56.80,99.50,92.10,86.60,-0.55,0.87,93.60,147.00,97.00,"1,300.00",,,1.44,0.18,,,47.50,182.00,522.00,
CM22 코타와인더,2025.04.21,한솔감열지SF 장항,48,2025,4,0447,13.50,36.30,4.91,2.45,3.16,6.82,3.36,2.13,2.39,56.60,99.60,92.50,86.40,-0.54,0.89,93.70,147.00,97.00,"1,300.00",,,1.46,0.18,,,47.40,190.00,520.00,
CM22 코타와인더,2025.04.21,한솔감열지SF 장항,48,2025,4,0040,9.50,36.40,4.77,2.46,3.17,6.80,3.34,2.05,2.38,56.20,100.10,93.00,85.80,-0.50,0.96,93.90,147.00,97.00,"1,300.00",,,1.42,0.18,,,47.00,190.00,550.00,
CM22 코타와인더,2025.04.21,한솔감열지SF 장항,48,2025,4,1157,20.50,36.00,4.71,2.52,3.15,7.90,3.38,2.06,2.42,57.40,99.40,91.80,86.50,-0.57,0.80,93.40,147.00,97.00,"1,300.00",,,1.46,0.19,,,48.10,182.00,474.00,
CM22 코타와인더,2025.04.21,한솔감열지SF 장항,48,2025,4,1943,6.10,36.30,5.05,2.48,3.16,6.40,3.37,2.08,2.38,56.70,99.70,92.10,85.75,-0.59,0.85,93.53,147.00,97.00,"1,300.00",,,1.38,0.17,,,47.30,182.00,500.00,
CM22 코타와인더,2025.04.21,한솔감열지SF 장항,48,2025,4,1638,3.10,36.00,5.00,2.38,3.16,6.46,3.39,2.08,2.38,56.00,99.38,92.07,86.09,-0.55,0.84,93.55,147.00,97.00,"1,300.00",,,1.38,0.17,,,46.60,184.00,510.00,
CM22 코타와인더,2025.04.22,한솔감열지SF 장항,48,2025,4,1433,1.00,36.50,4.91,2.27,3.16,7.32,3.40,2.12,2.39,57.50,99.00,92.70,86.40,-0.54,0.89,93.80,147.00,97.00,"1,150.00",,,1.42,0.17,,,48.20,191.00,629.00,
CM22 코타와인더,2025.04.22,한솔감열지SF 장항,48,2025,4,1150,1.30,36.50,4.69,2.27,3.16,7.65,3.40,2.12,2.40,56.50,99.50,92.70,86.50,-0.51,0.87,93.80,147.00,97.00,"1,250.00",,,1.36,0.17,,,48.20,185.00,561.00,
CM22 코타와인더,2025.04.22,한솔감열지SF 장항,48,2025,4,1711,3.30,36.20,5.30,2.34,3.14,7.20,3.37,2.12,2.38,56.90,99.01,92.20,86.99,-0.59,0.88,93.63,147.00,97.00,"1,300.00",,,1.36,0.17,,,47.90,183.00,553.00,
CM22 코타와인더,2025.04.25,한솔감열지SF 장항,48,2025,4,0418,9.20,36.00,5.37,2.54,3.16,6.24,3.35,2.13,2.38,57.30,99.60,92.00,85.20,-0.53,0.91,93.50,146.00,96.00,"1,300.00",,,1.43,0.17,,,47.70,170.00,503.00,
CM22 코타와인더,2025.04.27,한솔감열지SF 장항,48,2025,4,1039,4.40,36.50,5.24,2.57,3.14,6.77,3.33,2.11,2.38,56.80,99.14,92.46,85.32,-0.56,1.12,93.88,145.00,95.00,"1,300.00",,,1.36,0.16,,,46.90,169.00,453.00,
CM22 코타와인더,2025.04.30,한솔감열지SF 장항,48,2025,4,1515,9.60,36.20,5.09,2.69,3.20,6.84,3.37,2.09,2.41,56.10,99.00,91.80,85.50,-0.57,,93.50,147.00,97.00,"1,300.00",,,1.47,0.17,,,47.30,172.00,490.00,
CM22 코타와인더,2025.04.30,한솔감열지SF 장항,48,2025,4,1743,12.10,36.30,5.06,2.52,3.20,6.87,3.37,2.12,2.40,56.50,99.20,92.20,85.60,-0.55,0.98,93.60,147.00,97.00,"1,300.00",,,1.47,0.18,,,47.30,187.00,541.00,
CM22 코타와인더,2025.04.30,한솔감열지SF 장항,48,2025,4,2105,15.10,36.50,4.97,2.58,3.18,6.70,3.36,2.14,2.40,56.10,97.60,91.10,87.50,-0.62,0.94,93.10,147.00,97.00,"1,200.00",,,0.10,0.05,,,47.50,186.00,528.00,
CM22 코타와인더,2025.05.01,한솔감열지SF 장항,48,2025,5,0106,1.40,36.50,5.24,2.45,3.18,6.73,3.39,2.15,2.43,56.00,98.50,92.00,85.50,-0.54,0.96,93.60,147.00,97.00,"1,270.00",,,0.10,0.05,,,47.20,187.00,550.00,
CM22 코타와인더,2025.05.01,한솔감열지SF 장항,48,2025,5,0413,5.00,36.50,5.12,2.52,3.16,6.45,3.37,2.10,2.39,57.10,98.90,92.00,85.50,-0.52,0.93,93.60,147.00,97.00,"1,300.00",,,0.10,0.05,,,46.90,178.00,520.00,
CM22 코타와인더,2025.05.01,한솔감열지SF 장항,48,2025,5,0901,0.70,36.30,4.93,2.37,3.14,7.01,3.39,2.19,2.40,56.30,99.00,91.90,85.70,-0.57,0.89,93.50,147.00,97.00,"1,200.00",,,1.44,0.18,,,47.70,185.00,564.00,
CM22 코타와인더,2025.05.01,한솔감열지SF 장항,48,2025,5,1330,3.00,36.30,5.07,2.37,3.12,6.72,3.39,2.08,2.37,56.00,98.20,91.30,86.60,-0.65,0.89,93.30,147.00,97.00,"1,300.00",,,1.45,0.18,,,47.50,182.00,567.00,
CM22 코타와인더,2025.05.01,한솔감열지SF 장항,48,2025,5,1636,5.20,36.00,4.98,2.54,3.12,6.53,3.36,2.10,2.38,56.40,98.80,91.50,85.90,-0.62,0.88,93.40,147.00,97.00,"1,300.00",,,1.44,0.18,,,47.60,186.00,511.00,
CM22 코타와인더,2025.05.01,한솔감열지SF 장항,48,2025,5,2033,9.50,36.00,4.94,2.46,3.15,6.54,3.36,2.09,2.39,55.90,99.10,91.70,85.80,-0.62,0.92,93.40,147.00,97.00,"1,300.00",,,1.45,0.18,,,47.50,182.00,560.00,
CM22 코타와인더,2025.05.02,한솔감열지SF 장항,48,2025,5,0158,15.10,36.40,5.05,2.61,3.18,6.55,3.37,2.11,2.40,56.20,99.60,92.14,85.44,-0.54,0.96,93.78,147.00,97.00,"1,300.00",,,1.47,0.17,,,47.10,181.00,458.00,
CM22 코타와인더,2025.05.02,한솔감열지SF 장항,48,2025,5,0505,18.20,36.50,5.12,2.61,3.16,6.46,3.38,2.11,2.39,56.30,99.74,92.20,85.84,-0.55,0.93,93.75,147.00,97.00,"1,300.00",,,1.46,0.16,,,47.10,176.00,477.00,
CM22 코타와인더,2025.05.02,한솔감열지SF 장항,48,2025,5,2127,3.40,36.00,5.05,2.47,3.16,6.60,3.37,2.13,2.41,56.10,100.50,92.10,85.50,-0.56,0.87,93.50,147.00,97.00,"1,300.00",,,1.45,0.18,,,47.00,183.00,486.00,
CM22 코타와인더,2025.05.03,한솔감열지SF 장항,48,2025,5,0118,7.30,36.20,5.00,2.66,3.12,6.63,3.35,2.09,2.37,56.20,99.90,91.93,85.92,-0.51,0.82,93.37,144.00,94.00,"1,300.00",,,1.44,0.17,,,47.00,182.00,477.00,
CM22 코타와인더,2025.05.03,한솔감열지SF 장항,48,2025,5,0422,10.30,36.30,5.12,2.67,3.14,6.60,3.34,2.09,2.38,56.50,100.05,91.70,86.33,-0.51,0.80,93.31,144.00,94.00,"1,300.00",,,1.44,0.17,,,47.00,182.00,481.00,
CM22 코타와인더,2025.05.03,한솔감열지SF 장항,48,2025,5,0904,15.30,36.30,4.95,2.52,215.00,6.75,3.37,2.13,2.40,56.80,100.50,92.40,85.70,-0.55,0.87,93.60,144.00,94.00,"1,300.00",,,1.44,0.17,,,47.10,190.00,520.00,
CM22 코타와인더,2025.05.03,한솔감열지SF 장항,48,2025,5,1207,18.50,36.30,5.10,2.55,3.12,6.97,3.35,2.13,2.38,56.20,100.20,92.30,86.00,-0.54,0.85,93.60,144.00,94.00,"1,300.00",,,1.47,0.17,,,47.00,182.00,490.00,
CM22 코타와인더,2025.05.03,한솔감열지SF 장항,48,2025,5,1643,3.10,36.50,4.99,2.41,3.12,6.64,3.38,2.17,2.39,56.40,100.00,92.20,86.30,-0.58,0.87,93.60,144.00,94.00,"1,300.00",,,1.45,0.18,,,47.40,185.00,539.00,
CM22 코타와인더,2025.05.03,한솔감열지SF 장항,48,2025,5,2002,6.20,36.50,4.92,2.44,3.10,6.34,3.37,2.07,2.39,55.90,101.10,92.20,85.10,-0.55,0.82,93.50,144.00,94.00,"1,300.00",,,1.50,0.18,,,46.90,183.00,512.00,
CM22 코타와인더,2025.05.04,한솔감열지SF 장항,48,2025,5,0531,5.20,36.50,4.91,2.43,3.10,6.98,3.39,2.17,2.40,56.80,99.79,92.02,86.34,-0.57,0.87,93.51,144.00,94.00,"1,300.00",,,1.42,0.17,,,47.60,189.00,523.00,
CM22 코타와인더,2025.05.04,한솔감열지SF 장항,48,2025,5,0233,2.20,36.50,5.06,2.48,3.10,6.90,3.39,2.14,2.38,56.60,100.41,92.73,86.37,-0.52,0.88,93.82,144.00,94.00,"1,300.00",,,1.43,0.17,,,47.50,176.00,500.00,
CM22 코타와인더,2025.05.04,한솔감열지SF 장항,48,2025,5,0828,8.30,36.50,5.05,2.49,3.08,6.85,3.35,2.10,2.38,56.90,99.80,92.40,86.10,-0.54,0.89,93.60,144.00,94.00,"1,300.00",,,1.44,0.17,,,47.30,177.00,491.00,
CM22 코타와인더,2025.05.04,한솔감열지SF 장항,48,2025,5,1625,16.00,36.50,5.10,2.61,3.06,6.90,3.37,2.12,2.39,56.50,99.50,92.50,86.20,-0.53,0.93,93.70,144.00,94.00,"1,300.00",,,1.45,0.17,,,47.00,179.00,494.00,
CM22 코타와인더,2025.05.04,한솔감열지SF 장항,48,2025,5,1320,13.10,36.50,5.04,2.55,3.06,7.18,3.37,2.14,2.37,56.90,100.00,92.70,85.50,-0.52,0.94,93.80,144.00,94.00,"1,300.00",,,1.46,0.17,,,47.00,174.00,490.00,
PM23 초지릴,2025.01.10,한솔감열지SF 장항,48,2025,1,1003,,,5.91,5.37,,,,,,52.00,98.30,93.50,66.00,-0.23,2.28,96.10,80.00,30.00,"1,080.00",107.00,73.00,,,57.00,150.00,37.90,153.00,170.00,12.00
PM23 초지릴,2025.01.10,한솔감열지SF 장항,48,2025,1,1302,,,5.85,5.19,,,,,,52.30,88.40,93.00,66.50,-0.37,2.77,96.10,80.00,30.00,"1,130.00",125.00,75.00,,,60.00,230.00,38.40,153.00,171.00,
PM23 초지릴,2025.01.10,한솔감열지SF 장항,48,2025,1,1603,,,5.70,5.43,,,,,,52.60,93.74,93.66,68.79,-0.31,2.48,96.01,80.00,30.00,"1,130.00",135.00,70.00,,,60.00,214.00,38.40,152.00,172.00,12.40
PM23 초지릴,2025.01.10,한솔감열지SF 장항,48,2025,1,1942,,,5.62,5.24,,,,,,52.90,95.26,93.93,68.33,-0.23,2.33,96.02,80.00,30.00,"1,130.00",135.00,72.00,,,61.00,216.00,38.70,152.00,168.00,
PM23 초지릴,2025.01.11,한솔감열지SF 장항,48,2025,1,0051,,,5.89,5.42,,,,,,52.80,93.00,93.40,68.30,-0.34,2.63,96.00,80.00,30.00,"1,130.00",121.00,70.00,,,62.00,285.00,38.90,153.00,164.00,12.20
PM23 초지릴,2025.01.11,한솔감열지SF 장항,48,2025,1,0417,,,5.63,5.42,,,,,,52.80,91.20,93.30,68.50,-0.41,2.70,96.10,80.00,30.00,"1,130.00",139.00,70.00,,,62.00,272.00,38.20,157.00,168.00,
PM23 초지릴,2025.01.11,한솔감열지SF 장항,48,2025,1,0928,,,5.62,5.23,,,,,,52.90,91.30,93.40,68.70,-0.35,2.60,96.00,80.00,30.00,"1,130.00",125.00,68.00,,,65.00,234.00,38.80,160.00,170.00,13.30
PM23 초지릴,2025.01.11,한솔감열지SF 장항,48,2025,1,1254,,,5.92,5.26,,,,,,53.30,90.90,93.30,69.50,-0.44,2.57,96.00,80.00,30.00,"1,130.00",143.00,68.00,,,67.00,307.00,39.40,150.00,163.00,
PM23 초지릴,2025.01.11,한솔감열지SF 장항,48,2025,1,1619,,,5.79,5.30,,,,,,52.80,91.70,93.69,69.09,-0.38,2.54,96.20,80.00,30.00,"1,130.00",146.00,69.00,,,61.00,290.00,38.40,151.00,169.00,13.50
PM23 초지릴,2025.01.11,한솔감열지SF 장항,48,2025,1,1945,,,5.88,5.46,,,,,,52.70,90.51,93.52,69.10,-0.39,2.66,96.24,80.00,30.00,"1,130.00",146.00,68.00,,,62.00,315.00,38.30,151.00,168.00,
PM23 초지릴,2025.01.12,한솔감열지SF 장항,48,2025,1,0054,,,5.69,5.15,,,,,,52.00,90.80,93.40,69.90,-0.44,2.62,96.10,80.00,30.00,"1,130.00",143.00,67.00,,,63.00,330.00,38.20,160.00,177.00,13.10
PM23 초지릴,2025.01.12,한솔감열지SF 장항,48,2025,1,0419,,,5.68,5.24,,,,,,53.40,90.90,93.40,69.90,-0.58,2.63,96.20,80.00,30.00,"1,130.00",153.00,68.00,,,62.00,362.00,39.20,158.00,174.00,
PM23 초지릴,2025.01.12,한솔감열지SF 장항,48,2025,1,0928,,,5.51,5.35,,,,,,52.90,91.20,93.40,69.50,-0.37,2.54,96.10,80.00,30.00,"1,130.00",150.00,68.00,,,62.00,376.00,38.70,160.00,174.00,13.10
PM23 초지릴,2025.01.12,한솔감열지SF 장항,48,2025,1,2107,,,5.70,5.28,,,,,,52.80,92.45,93.97,67.14,-0.42,2.77,96.39,80.00,30.00,"1,103.00",139.00,72.00,,,62.00,264.00,38.60,156.00,176.00,11.20
PM23 초지릴,2025.01.13,한솔감열지SF 장항,48,2025,1,0011,,,5.75,5.30,,,,,,53.90,93.50,94.00,70.40,-0.38,2.60,96.30,80.00,30.00,"1,130.00",143.00,70.00,,,60.00,334.00,39.30,157.00,172.00,12.20
PM23 초지릴,2025.01.13,한솔감열지SF 장항,48,2025,1,0529,,,5.86,5.18,,,,,,53.80,90.60,93.40,70.70,-0.43,2.72,96.20,80.00,30.00,"1,130.00",146.00,67.00,,,62.00,280.00,39.00,156.00,168.00,
PM23 초지릴,2025.01.20,한솔감열지SF 장항,48,2025,1,1852,,,5.81,5.23,,,,,,53.20,92.50,93.30,71.90,-0.29,2.49,95.90,80.00,30.00,"1,116.00",164.00,65.00,,,62.00,345.00,38.70,153.00,169.00,14.00
PM23 초지릴,2025.01.20,한솔감열지SF 장항,48,2025,1,2036,,,5.50,5.15,,,,,,53.70,93.20,93.50,71.10,-0.30,2.42,96.00,80.00,30.00,"1,116.00",135.00,65.00,,,62.00,335.00,38.60,155.00,173.00,
PM23 초지릴,2025.01.21,한솔감열지SF 장항,48,2025,1,0128,,,5.68,5.17,,,,,,53.10,94.30,93.80,68.70,-0.30,2.37,96.00,80.00,30.00,"1,110.00",146.00,66.00,,,66.00,281.00,38.70,150.00,173.00,12.40
PM23 초지릴,2025.01.21,한솔감열지SF 장항,48,2025,1,0353,,,5.72,5.19,,,,,,53.30,94.70,93.90,70.20,-0.29,2.31,96.00,80.00,30.00,"1,115.00",153.00,69.00,,,62.00,276.00,38.80,153.00,169.00,
PM23 초지릴,2025.01.21,한솔감열지SF 장항,48,2025,1,0937,,,5.75,5.28,,,,,,52.80,89.00,93.20,68.50,-0.35,2.67,96.10,80.00,30.00,"1,116.00",117.00,67.00,,,63.00,272.00,38.40,151.00,162.00,12.40
PM23 초지릴,2025.01.21,한솔감열지SF 장항,48,2025,1,1305,,,5.95,5.26,,,,,,53.10,91.70,93.40,88.50,-0.33,2.58,96.10,80.00,30.00,"1,116.00",146.00,70.00,,,63.00,301.00,38.60,155.00,165.00,
PM23 초지릴,2025.01.21,한솔감열지SF 장항,48,2025,1,1633,,,5.80,5.19,,,,,,54.90,91.60,93.10,68.90,-0.36,2.60,95.90,80.00,30.00,"1,116.00",164.00,64.00,,,62.00,279.00,39.40,156.00,174.00,12.20
PM23 초지릴,2025.01.21,한솔감열지SF 장항,48,2025,1,1817,,,5.96,5.16,,,,,,53.90,92.70,93.30,70.30,-0.35,2.48,95.90,80.00,30.00,"1,116.00",143.00,66.00,,,63.00,293.00,39.50,152.00,169.00,
PM23 초지릴,2025.01.21,한솔감열지SF 장항,48,2025,1,2145,,,5.51,5.09,,,,,,53.70,92.30,93.70,69.20,-0.32,2.52,96.20,80.00,30.00,"1,116.00",168.00,66.00,,,64.00,287.00,38.90,161.00,179.00,
PM23 초지릴,2025.01.22,한솔감열지SF 장항,48,2025,1,0113,,,5.60,5.26,,,,,,52.90,91.06,93.63,70.65,-0.35,2.59,96.21,80.00,30.00,"1,116.00",146.00,68.00,,,65.00,335.00,38.80,151.00,172.00,13.10
PM23 초지릴,2025.01.22,한솔감열지SF 장항,48,2025,1,0441,,,5.75,5.21,,,,,,53.10,91.46,93.64,69.78,-0.34,2.56,96.19,80.00,30.00,"1,116.00",150.00,67.00,,,61.00,338.00,38.70,150.00,168.00,
PM23 초지릴,2025.01.22,한솔감열지SF 장항,48,2025,1,0809,,,5.66,5.22,,,,,,53.10,88.30,5.00,84.30,96.50,-0.39,69.00,80.00,30.00,"1,116.00",143.00,69.00,,,61.00,239.00,38.60,152.00,169.00,13.00
PM23 초지릴,2025.01.30,한솔감열지SF 장항,48,2025,1,0130,,,5.96,5.30,,,,,,52.70,92.50,93.70,70.30,-0.33,2.41,96.10,80.00,30.00,"1,114.00",117.00,69.00,,,58.00,296.00,38.90,155.00,172.00,13.90
PM23 초지릴,2025.01.30,한솔감열지SF 장항,48,2025,1,0500,,,6.09,5.46,,,,,,53.10,92.00,93.60,67.90,-0.35,2.44,96.10,80.00,30.00,"1,114.00",96.00,74.00,,,61.00,249.00,39.00,151.00,166.00,
PM23 초지릴,2025.01.30,한솔감열지SF 장항,48,2025,1,0904,,,6.10,5.29,,,,,,53.20,91.60,93.50,67.60,-0.40,2.47,96.00,80.00,30.00,"1,090.00",113.00,72.00,,,61.00,241.00,39.30,149.00,166.00,13.20
PM23 초지릴,2025.01.30,한솔감열지SF 장항,48,2025,1,1235,,,5.91,5.42,,,,,,52.80,89.60,93.20,66.90,-0.41,2.72,96.10,80.00,30.00,"1,110.00",109.00,71.00,,,59.00,200.00,38.90,146.00,165.00,
PM23 초지릴,2025.01.30,한솔감열지SF 장항,48,2025,1,1604,,,5.92,5.34,,,,,,52.90,90.75,93.53,66.87,-0.46,2.64,96.13,80.00,30.00,"1,116.00",128.00,69.00,,,59.00,225.00,38.90,147.00,169.00,11.60
PM23 초지릴,2025.01.30,한솔감열지SF 장항,48,2025,1,2019,,,6.06,5.68,,,,,,53.00,89.64,93.34,67.45,-0.46,2.82,96.18,80.00,30.00,"1,100.00",135.00,71.00,,,58.00,203.00,39.10,150.00,174.00,
PM23 초지릴,2025.01.31,한솔감열지SF 장항,48,2025,1,0512,,,6.21,5.56,,,,,,52.70,91.30,93.70,65.40,-0.54,3.05,96.30,80.00,30.00,"1,091.00",117.00,76.00,,,64.00,158.00,38.90,141.00,162.00,
PM23 초지릴,2025.01.31,한솔감열지SF 장항,48,2025,1,0841,,,5.94,5.40,,,,,,52.90,92.30,93.60,66.10,-0.36,2.63,96.00,80.00,30.00,"1,115.00",130.00,71.00,,,58.00,174.00,39.30,149.00,166.00,13.10
PM23 초지릴,2025.01.31,한솔감열지SF 장항,48,2025,1,1348,,,6.06,5.37,,,,,,52.70,92.40,93.60,66.40,-0.38,2.59,96.00,80.00,30.00,"1,115.00",114.00,75.00,,,63.00,181.00,38.90,144.00,165.00,
PM23 초지릴,2025.01.31,한솔감열지SF 장항,48,2025,1,1716,,,6.10,5.25,,,,,,53.20,93.18,92.89,67.61,-0.41,2.22,95.51,80.00,30.00,"1,115.00",136.00,71.00,,,61.00,183.00,39.10,143.00,166.00,11.60
PM23 초지릴,2025.01.31,한솔감열지SF 장항,48,2025,1,2044,,,6.12,5.51,,,,,,53.30,92.20,93.79,83.65,-0.48,2.82,96.22,80.00,30.00,"1,115.00",117.00,73.00,,,58.00,189.00,39.30,147.00,163.00,
PM23 초지릴,2025.02.01,한솔감열지SF 장항,48,2025,2,0013,,,5.93,5.28,,,,,,53.40,91.60,93.70,68.00,-0.44,2.69,96.20,80.00,30.00,"1,115.00",143.00,68.00,,,63.00,182.00,39.30,153.00,169.00,11.60
PM23 초지릴,2025.02.01,한솔감열지SF 장항,48,2025,2,0525,,,5.89,5.09,,,,,,53.60,91.30,93.40,68.30,-0.43,2.71,96.10,80.00,30.00,"1,115.00",128.00,69.00,,,63.00,175.00,39.50,149.00,168.00,11.80
PM23 초지릴,2025.02.01,한솔감열지SF 장항,48,2025,2,0853,,,5.97,5.24,,,,,,52.50,91.80,93.60,66.70,-0.39,2.61,96.10,80.00,30.00,"1,115.00",143.00,73.00,,,61.00,216.00,38.70,145.00,166.00,12.00
PM23 초지릴,2025.02.01,한솔감열지SF 장항,48,2025,2,1222,,,5.80,5.27,,,,,,52.70,90.20,93.10,67.80,-0.48,2.82,96.00,80.00,30.00,"1,115.00",140.00,70.00,,,60.00,246.00,38.70,160.00,174.00,
PM23 초지릴,2025.02.01,한솔감열지SF 장항,48,2025,2,1734,,,5.66,5.28,,,,,,52.90,89.30,93.00,69.52,-0.44,2.89,96.05,80.00,30.00,"1,115.00",143.00,69.00,,,57.00,284.00,39.00,153.00,168.00,11.90
PM23 초지릴,2025.02.01,한솔감열지SF 장항,48,2025,2,2200,,,5.79,5.25,,,,,,53.30,92.81,93.49,68.65,-0.39,2.69,96.02,80.00,30.00,"1,115.00",125.00,72.00,,,57.00,274.00,38.90,157.00,173.00,
PM23 초지릴,2025.02.02,한솔감열지SF 장항,48,2025,2,0050,,,5.82,5.32,,,,,,53.50,92.20,93.40,69.10,-0.39,2.77,96.10,80.00,30.00,"1,115.00",121.00,67.00,,,59.00,292.00,39.10,156.00,169.00,12.30
PM23 초지릴,2025.02.02,한솔감열지SF 장항,48,2025,2,0414,,,5.68,5.34,,,,,,54.20,92.50,93.40,69.80,-0.40,2.69,95.90,80.00,30.00,"1,115.00",143.00,69.00,,,59.00,318.00,39.60,155.00,165.00,
PM23 초지릴,2025.02.07,한솔감열지SF 장항,48,2025,2,1403,,,1.00,1.00,,,,,,53.00,,5.00,,,,,80.00,30.00,"1,130.00",20.00,20.00,,,20.00,20.00,38.90,100.00,100.00,
PM23 초지릴,2025.02.07,한솔감열지SF 장항,48,2025,2,1728,,,5.70,5.29,,,,,,54.70,97.40,93.80,69.10,-0.33,2.25,95.80,80.00,30.00,"1,130.00",121.00,71.00,,,63.00,299.00,39.50,149.00,164.00,13.20
PM23 초지릴,2025.02.08,한솔감열지SF 장항,48,2025,2,0139,,,5.74,5.28,,,,,,52.90,98.40,93.70,67.00,-0.26,2.36,95.70,80.00,30.00,"1,120.00",121.00,76.00,,,56.00,225.00,38.60,152.00,161.00,13.00
PM23 초지릴,2025.02.08,한솔감열지SF 장항,48,2025,2,0422,,,5.49,4.91,,,,,,53.20,97.60,93.80,67.80,-0.33,2.37,95.80,80.00,30.00,"1,120.00",121.00,71.00,,,59.00,285.00,39.30,161.00,172.00,
PM23 초지릴,2025.02.08,한솔감열지SF 장항,48,2025,2,0945,,,5.88,5.43,,,,,,53.20,96.82,93.37,69.42,-0.32,2.40,95.73,80.00,30.00,"1,120.00",125.00,72.00,,,58.00,269.00,39.00,157.00,165.00,12.40
PM23 초지릴,2025.02.08,한솔감열지SF 장항,48,2025,2,1446,,,5.84,5.33,,,,,,53.00,98.87,93.73,69.15,-0.22,2.22,95.73,80.00,30.00,"1,130.00",121.00,71.00,,,58.00,282.00,38.90,157.00,168.00,
PM23 초지릴,2025.02.08,한솔감열지SF 장항,48,2025,2,1631,,,5.53,5.19,,,,,,53.10,99.10,93.80,70.10,-0.26,2.28,95.80,80.00,30.00,"1,100.00",107.00,70.00,,,58.00,302.00,39.20,158.00,165.00,12.70
PM23 초지릴,2025.02.08,한솔감열지SF 장항,48,2025,2,2121,,,5.60,5.31,,,,,,54.00,94.60,93.40,70.30,-0.30,2.55,95.90,80.00,30.00,"1,130.00",125.00,71.00,,,57.00,315.00,39.20,145.00,161.00,13.50
PM23 초지릴,2025.02.09,한솔감열지SF 장항,48,2025,2,0034,,,5.54,5.20,,,,,,53.10,95.10,93.50,68.50,-0.32,2.48,95.90,80.00,30.00,"1,130.00",109.00,71.00,,,61.00,244.00,39.00,161.00,171.00,13.00
PM23 초지릴,2025.02.09,한솔감열지SF 장항,48,2025,2,0413,,,5.67,5.30,,,,,,53.20,94.70,93.40,68.00,-0.33,2.60,95.90,80.00,30.00,"1,110.00",112.00,71.00,,,58.00,269.00,39.40,160.00,167.00,
PM23 초지릴,2025.02.09,한솔감열지SF 장항,48,2025,2,0831,,,5.65,5.45,,,,,,53.20,95.20,93.30,67.50,-0.33,2.61,95.90,80.00,30.00,"1,090.00",103.00,72.00,,,58.00,277.00,38.70,147.00,165.00,12.00
PM23 초지릴,2025.02.09,한솔감열지SF 장항,48,2025,2,1220,,,5.68,5.42,,,,,,53.00,94.80,93.20,67.10,-0.37,2.71,95.90,80.00,30.00,"1,106.00",114.00,72.00,,,58.00,251.00,38.90,156.00,160.00,
PM23 초지릴,2025.02.09,한솔감열지SF 장항,48,2025,2,1636,,,5.59,5.34,,,,,,53.00,95.50,93.00,68.90,-0.38,2.45,95.60,80.00,30.00,"1,064.00",114.00,71.00,,,59.00,272.00,39.10,156.00,169.00,11.80
PM23 초지릴,2025.02.09,한솔감열지SF 장항,48,2025,2,1824,,,5.79,5.44,,,,,,52.60,96.70,93.50,68.20,-0.38,2.57,95.80,80.00,30.00,"1,088.00",114.00,72.00,,,56.00,277.00,38.40,161.00,172.00,
PM23 초지릴,2025.02.18,한솔감열지SF 장항,48,2025,2,1431,,,5.74,5.22,,,,,,53.80,95.80,93.70,70.80,-0.25,2.49,95.90,80.00,30.00,"1,130.00",114.00,68.00,,,70.00,406.00,38.60,156.00,178.00,0.00
PM23 초지릴,2025.02.18,한솔감열지SF 장항,48,2025,2,1629,,,5.72,5.47,,,,,,52.80,97.62,94.01,68.77,-0.27,2.49,96.00,80.00,30.00,980.00,146.00,71.00,,,68.00,237.00,38.40,148.00,167.00,12.20
PM23 초지릴,2025.02.18,한솔감열지SF 장항,48,2025,2,2000,,,5.88,5.26,,,,,,53.10,94.71,93.67,67.77,-0.35,2.52,95.98,80.00,30.00,"1,112.00",125.00,73.00,,,66.00,247.00,38.60,147.00,165.00,
PM23 초지릴,2025.02.19,한솔감열지SF 장항,48,2025,2,0028,,,5.86,5.41,,,,,,53.20,93.90,93.70,67.60,-0.30,2.56,96.10,80.00,30.00,"1,124.00",117.00,76.00,,,66.00,238.00,38.30,148.00,158.00,12.70
PM23 초지릴,2025.02.19,한솔감열지SF 장항,48,2025,2,0542,,,5.95,5.54,,,,,,53.60,93.60,93.60,67.70,-0.35,2.60,96.10,80.00,30.00,"1,124.00",110.00,76.00,,,64.00,275.00,38.70,145.00,161.00,
PM23 초지릴,2025.02.19,한솔감열지SF 장항,48,2025,2,0943,,,5.66,5.26,,,,,,53.90,94.40,93.40,68.40,-0.36,2.65,95.90,80.00,30.00,"1,130.00",110.00,73.00,,,66.00,348.00,38.50,154.00,172.00,12.30
PM23 초지릴,2025.02.19,한솔감열지SF 장항,48,2025,2,1305,,,5.91,5.34,,,,,,54.40,95.50,93.30,67.90,-0.40,2.44,95.70,80.00,30.00,"1,130.00",107.00,75.00,,,66.00,251.00,38.60,151.00,163.00,12.00
PM23 초지릴,2025.02.19,한솔감열지SF 장항,48,2025,2,1718,,,5.96,5.33,,,,,,53.60,97.41,93.75,69.03,-0.24,2.21,95.81,80.00,30.00,"1,130.00",128.00,74.00,,,67.00,240.00,38.90,147.00,164.00,12.50
PM23 초지릴,2025.02.19,한솔감열지SF 장항,48,2025,2,2044,,,5.83,5.27,,,,,,53.30,95.73,93.54,67.16,-0.27,2.31,95.82,80.00,30.00,"1,130.00",135.00,72.00,,,64.00,226.00,38.60,151.00,168.00,
PM23 초지릴,2025.02.20,한솔감열지SF 장항,48,2025,2,0010,,,5.94,5.39,,,,,,54.00,95.80,93.50,69.00,-0.28,2.28,95.80,80.00,30.00,"1,130.00",103.00,74.00,,,68.00,228.00,38.80,145.00,162.00,12.70
PM23 초지릴,2025.02.20,한솔감열지SF 장항,48,2025,2,0335,,,5.93,5.41,,,,,,54.10,94.90,93.50,69.00,-0.32,2.44,95.90,80.00,30.00,"1,130.00",110.00,72.00,,,69.00,241.00,38.70,148.00,162.00,
PM23 초지릴,2025.02.20,한솔감열지SF 장항,48,2025,2,0837,,,5.84,5.41,,,,,,53.20,94.10,93.20,68.80,-0.46,2.39,95.70,80.00,30.00,"1,130.00",115.00,72.00,,,68.00,404.00,38.70,156.00,173.00,13.10
PM23 초지릴,2025.02.20,한솔감열지SF 장항,48,2025,2,1142,,,5.86,5.45,,,,,,54.10,93.00,93.00,69.10,-0.46,2.60,95.70,80.00,30.00,"1,130.00",168.00,69.00,,,66.00,411.00,39.20,149.00,163.00,
PM23 초지릴,2025.02.20,한솔감열지SF 장항,48,2025,2,1834,,,5.82,5.29,,,,,,54.60,98.82,93.71,68.92,-0.40,2.51,95.80,80.00,30.00,"1,130.00",143.00,70.00,,,69.00,431.00,39.40,144.00,163.00,12.50
PM23 초지릴,2025.02.20,한솔감열지SF 장항,48,2025,2,2159,,,5.85,5.49,,,,,,53.20,98.70,93.84,68.95,-0.36,2.58,95.89,80.00,30.00,"1,130.00",143.00,73.00,,,68.00,390.00,38.20,150.00,168.00,
PM23 초지릴,2025.02.21,한솔감열지SF 장항,48,2025,2,0125,,,5.84,5.37,,,,,,53.40,98.60,93.80,68.70,-0.36,2.62,95.90,80.00,30.00,"1,130.00",139.00,68.00,,,70.00,420.00,38.60,149.00,169.00,13.00
PM23 초지릴,2025.02.21,한솔감열지SF 장항,48,2025,2,0451,,,5.72,5.37,,,,,,54.60,97.70,93.70,70.20,-0.34,2.65,95.90,80.00,30.00,"1,130.00",143.00,70.00,,,68.00,421.00,38.40,155.00,172.00,
PM23 초지릴,2025.02.21,한솔감열지SF 장항,48,2025,2,0816,,,5.79,5.33,,,,,,53.80,98.90,93.90,69.10,-0.32,2.48,95.90,80.00,30.00,"1,130.00",135.00,72.00,,,69.00,351.00,38.60,152.00,166.00,13.30
PM23 초지릴,2025.02.21,한솔감열지SF 장항,48,2025,2,1157,,,5.70,5.26,,,,,,52.80,100.00,94.40,66.90,-0.28,2.30,95.90,80.00,30.00,"1,130.00",132.00,71.00,,,67.00,242.00,38.50,149.00,166.00,
PM23 초지릴,2025.02.21,한솔감열지SF 장항,48,2025,2,1718,,,6.00,5.31,,,,,,53.00,96.13,93.57,66.11,-0.37,2.55,95.91,80.00,30.00,"1,130.00",117.00,74.00,,,67.00,228.00,38.40,148.00,165.00,12.30
PM23 초지릴,2025.02.21,한솔감열지SF 장항,48,2025,2,2044,,,5.91,5.22,,,,,,53.20,95.44,93.73,67.24,-0.36,2.59,96.04,80.00,30.00,"1,130.00",125.00,73.00,,,65.00,261.00,38.60,147.00,163.00,
PM23 초지릴,2025.02.22,한솔감열지SF 장항,48,2025,2,0010,,,5.81,5.21,,,,,,53.20,95.20,93.80,68.50,-0.35,2.57,96.10,80.00,30.00,"1,130.00",125.00,72.00,,,66.00,203.00,38.70,152.00,174.00,12.20
PM23 초지릴,2025.02.22,한솔감열지SF 장항,48,2025,2,0502,,,5.87,5.23,,,,,,52.90,94.40,93.60,68.30,-0.37,2.67,96.10,80.00,30.00,"1,130.00",96.00,72.00,,,68.00,207.00,38.50,151.00,173.00,
PM23 초지릴,2025.02.22,한솔감열지SF 장항,48,2025,2,0802,,,5.77,5.22,,,,,,53.00,95.40,93.70,67.00,-0.34,2.58,96.00,80.00,30.00,"1,130.00",138.00,73.00,,,68.00,252.00,38.50,148.00,165.00,12.40
PM23 초지릴,2025.02.22,한솔감열지SF 장항,48,2025,2,1232,,,5.73,5.23,,,,,,53.20,96.00,93.80,66.30,-0.38,2.52,96.00,80.00,30.00,"1,130.00",119.00,72.00,,,67.00,247.00,38.80,150.00,167.00,
PM23 초지릴,2025.02.22,한솔감열지SF 장항,48,2025,2,1621,,,5.81,5.16,,,,,,53.20,95.90,93.90,66.70,-0.34,2.54,96.10,80.00,30.00,"1,130.00",96.00,74.00,,,65.00,235.00,38.30,153.00,169.00,11.90
PM23 초지릴,2025.02.22,한솔감열지SF 장항,48,2025,2,2145,,,5.89,5.37,,,,,,53.00,94.90,93.60,66.70,-0.39,2.70,96.00,80.00,30.00,"1,108.00",103.00,77.00,,,68.00,229.00,38.30,152.00,162.00,
PM23 초지릴,2025.02.23,한솔감열지SF 장항,48,2025,2,0021,,,5.64,5.23,,,,,,53.80,94.80,93.50,68.60,-0.36,2.63,95.90,80.00,30.00,"1,116.00",110.00,72.00,,,65.00,316.00,38.50,157.00,174.00,13.00
PM23 초지릴,2025.02.23,한솔감열지SF 장항,48,2025,2,0510,,,5.58,5.18,,,,,,53.50,95.10,93.50,68.90,-0.34,2.56,95.90,80.00,30.00,"1,116.00",121.00,72.00,,,67.00,360.00,38.50,152.00,174.00,
PM23 초지릴,2025.02.24,한솔감열지SF 장항,48,2025,2,2342,,,5.75,5.48,,,,,,54.10,95.90,93.70,68.30,-0.33,2.39,95.90,85.00,35.00,"1,114.00",139.00,68.00,,,66.00,420.00,39.00,152.00,162.00,
PM23 초지릴,2025.02.25,한솔감열지SF 장항,48,2025,2,0006,,,5.54,5.24,,,,,,53.90,95.60,93.60,68.10,-0.35,2.39,95.90,85.00,35.00,"1,116.00",135.00,74.00,,,70.00,496.00,38.60,156.00,173.00,12.20
PM23 초지릴,2025.02.25,한솔감열지SF 장항,48,2025,2,0454,,,5.59,5.34,,,,,,53.40,95.20,93.50,67.60,-0.34,2.54,95.90,90.00,40.00,"1,100.00",110.00,76.00,,,68.00,333.00,38.80,153.00,170.00,
PM23 초지릴,2025.02.25,한솔감열지SF 장항,48,2025,2,1302,,,5.84,5.28,,,,,,53.50,95.48,93.23,67.18,-0.33,2.54,95.77,85.00,35.00,"1,052.00",146.00,74.00,,,70.00,272.00,38.70,151.00,170.00,11.60
PM23 초지릴,2025.02.25,한솔감열지SF 장항,48,2025,2,1600,,,5.82,5.37,,,,,,53.30,94.50,93.20,68.20,-0.37,2.82,95.90,85.00,35.00,"1,116.00",96.00,73.00,,,67.00,359.00,38.60,157.00,161.00,11.40
PM23 초지릴,2025.02.27,한솔감열지SF 장항,48,2025,2,1523,,,5.50,5.36,,,,,,52.50,96.11,93.10,68.32,-0.14,2.33,95.62,85.00,35.00,"1,100.00",128.00,69.00,,,67.00,317.00,38.40,157.00,162.00,
PM23 초지릴,2025.02.27,한솔감열지SF 장항,48,2025,2,1608,,,5.54,5.39,,,,,,53.60,97.00,93.10,69.80,-0.17,2.20,95.50,80.00,30.00,"1,100.00",125.00,74.00,,,68.00,353.00,38.60,156.00,168.00,12.40
PM23 초지릴,2025.02.27,한솔감열지SF 장항,48,2025,2,2123,,,5.77,5.44,,,,,,53.20,95.90,93.20,68.80,-0.26,2.58,95.80,80.00,30.00,"1,100.00",114.00,74.00,,,67.00,314.00,38.50,155.00,161.00,
PM23 초지릴,2025.02.28,한솔감열지SF 장항,48,2025,2,0017,,,5.57,5.22,,,,,,53.00,96.40,93.30,67.70,-0.27,2.58,95.70,80.00,30.00,"1,100.00",126.00,75.00,,,20.00,259.00,38.50,153.00,163.00,12.50
PM23 초지릴,2025.02.28,한솔감열지SF 장항,48,2025,2,0430,,,5.70,5.43,,,,,,53.10,97.10,93.50,66.50,-0.28,2.58,95.80,80.00,30.00,"1,100.00",139.00,72.00,,,68.00,225.00,39.10,152.00,166.00,
PM23 초지릴,2025.02.28,한솔감열지SF 장항,48,2025,2,0852,,,5.68,5.37,,,,,,52.37,95.66,93.14,66.67,-0.33,2.67,95.77,80.00,30.00,"1,100.00",132.00,70.00,,,67.00,194.00,38.10,155.00,168.00,11.50
PM23 초지릴,2025.02.28,한솔감열지SF 장항,48,2025,2,1223,,,5.61,5.20,,,,,,52.70,96.54,93.35,67.01,-0.31,2.67,95.83,80.00,30.00,"1,100.00",128.00,74.00,,,64.00,191.00,38.70,155.00,165.00,
PM23 초지릴,2025.02.28,한솔감열지SF 장항,48,2025,2,1615,,,5.68,5.35,,,,,,52.60,95.50,93.20,67.30,-0.29,2.78,95.90,80.00,30.00,"1,100.00",128.00,75.00,,,66.00,155.00,38.90,155.00,165.00,11.20
PM23 초지릴,2025.02.28,한솔감열지SF 장항,48,2025,2,2113,,,5.48,5.19,,,,,,52.60,95.40,93.20,67.10,-0.37,2.84,95.90,80.00,30.00,"1,100.00",146.00,75.00,,,66.00,192.00,38.90,160.00,168.00,
PM23 초지릴,2025.03.01,한솔감열지SF 장항,48,2025,3,0045,,,5.72,5.31,,,,,,53.10,98.30,93.60,66.60,-0.34,2.51,95.80,80.00,30.00,"1,100.00",125.00,71.00,,,66.00,196.00,39.20,153.00,160.00,11.30
PM23 초지릴,2025.03.01,한솔감열지SF 장항,48,2025,3,0418,,,5.81,5.40,,,,,,53.30,98.50,93.70,66.90,-0.29,2.47,95.80,80.00,30.00,"1,100.00",128.00,76.00,,,68.00,212.00,39.10,156.00,163.00,
PM23 초지릴,2025.03.01,한솔감열지SF 장항,48,2025,3,0816,,,5.80,5.41,,,,,,52.70,97.20,93.40,66.30,-0.29,2.66,95.80,80.00,30.00,"1,100.00",121.00,77.00,,,67.00,205.00,38.50,156.00,164.00,11.80
PM23 초지릴,2025.03.01,한솔감열지SF 장항,48,2025,3,1335,,,5.72,5.28,,,,,,53.50,96.80,93.50,67.40,-0.32,2.71,95.80,80.00,30.00,"1,100.00",99.00,75.00,,,67.00,195.00,39.30,156.00,164.00,
PM23 초지릴,2025.03.01,한솔감열지SF 장항,48,2025,3,1633,,,5.52,5.17,,,,,,53.50,96.90,93.50,68.40,-0.34,2.56,95.80,80.00,30.00,"1,100.00",117.00,71.00,,,70.00,237.00,39.20,162.00,174.00,
PM23 초지릴,2025.03.01,한솔감열지SF 장항,48,2025,3,2012,,,5.41,5.27,,,,,,53.70,97.20,93.60,69.20,-0.30,2.53,95.80,80.00,30.00,"1,100.00",132.00,71.00,,,71.00,269.00,39.10,161.00,169.00,12.40
PM23 초지릴,2025.03.02,한솔감열지SF 장항,48,2025,3,0132,,,5.46,5.15,,,,,,52.90,96.60,93.50,68.80,-0.32,2.63,95.80,80.00,30.00,"1,100.00",128.00,74.00,,,65.00,154.00,39.50,163.00,171.00,12.70
PM23 초지릴,2025.03.02,한솔감열지SF 장항,48,2025,3,0556,,,5.49,5.14,,,,,,53.40,97.30,93.80,67.30,-0.33,2.55,95.80,80.00,30.00,"1,100.00",125.00,75.00,,,67.00,194.00,39.40,160.00,163.00,
PM23 초지릴,2025.03.02,한솔감열지SF 장항,48,2025,3,0836,,,5.74,5.25,,,,,,53.30,96.90,93.70,67.70,-0.30,2.65,95.90,80.00,30.00,"1,100.00",103.00,77.00,,,64.00,195.00,39.20,151.00,162.00,12.40
PM23 초지릴,2025.03.02,한솔감열지SF 장항,48,2025,3,1314,,,5.67,5.31,,,,,,53.00,98.20,93.90,68.00,-0.30,2.45,95.90,80.00,30.00,"1,100.00",92.00,75.00,,,67.00,152.00,39.20,156.00,158.00,
PM23 초지릴,2025.03.02,한솔감열지SF 장항,48,2025,3,1600,,,5.62,5.42,,,,,,54.20,99.20,94.10,68.90,-0.31,2.32,95.90,80.00,30.00,"1,100.00",139.00,71.00,,,66.00,228.00,39.40,157.00,169.00,12.60
PM23 초지릴,2025.03.03,한솔감열지SF 장항,48,2025,3,0516,,,5.64,5.28,,,,,,53.30,95.16,93.21,68.05,-0.38,2.61,95.80,80.00,30.00,"1,100.00",132.00,75.00,,,69.00,249.00,39.20,158.00,168.00,
PM23 초지릴,2025.03.03,한솔감열지SF 장항,48,2025,3,0914,,,5.83,5.47,,,,,,53.80,95.10,93.40,68.50,-0.36,2.72,95.90,80.00,30.00,"1,100.00",125.00,73.00,,,70.00,301.00,39.00,152.00,163.00,12.80
PM23 초지릴,2025.03.03,한솔감열지SF 장항,48,2025,3,1331,,,5.70,5.45,,,,,,54.30,97.30,93.50,68.40,-0.33,2.62,95.80,80.00,30.00,"1,100.00",121.00,75.00,,,68.00,320.00,39.20,153.00,162.00,
PM23 초지릴,2025.03.03,한솔감열지SF 장항,48,2025,3,1651,,,5.54,5.34,,,,,,53.90,98.80,93.70,69.40,-0.35,2.50,95.80,80.00,30.00,"1,070.00",125.00,74.00,,,70.00,283.00,39.20,158.00,166.00,12.70
PM23 초지릴,2025.03.03,한솔감열지SF 장항,48,2025,3,2135,,,5.55,5.42,,,,,,53.50,97.70,93.50,67.93,-0.36,2.61,95.79,90.00,40.00,"1,100.00",110.00,74.00,,,68.00,306.00,39.30,158.00,166.00,
PM23 초지릴,2025.03.04,한솔감열지SF 장항,48,2025,3,0106,,,5.63,5.43,,,,,,53.40,97.40,93.53,67.73,-0.40,2.57,95.81,90.00,40.00,"1,100.00",132.00,74.00,,,67.00,273.00,39.00,157.00,165.00,12.60
PM23 초지릴,2025.03.04,한솔감열지SF 장항,48,2025,3,0438,,,5.68,5.30,,,,,,53.20,96.69,93.40,68.40,-0.39,2.66,95.81,90.00,40.00,"1,100.00",121.00,73.00,,,68.00,269.00,38.80,155.00,168.00,
PM23 초지릴,2025.03.04,한솔감열지SF 장항,48,2025,3,0810,,,5.76,5.43,,,,,,53.20,98.70,93.80,68.10,-0.26,2.36,95.80,80.00,30.00,"1,100.00",99.00,73.00,,,68.00,289.00,38.70,152.00,160.00,12.70
PM23 초지릴,2025.03.04,한솔감열지SF 장항,48,2025,3,1328,,,5.45,5.24,,,,,,53.00,98.60,93.80,67.90,-0.23,2.47,95.80,85.00,35.00,"1,100.00",125.00,75.00,,,68.00,238.00,38.90,162.00,166.00,
PM23 초지릴,2025.03.04,한솔감열지SF 장항,48,2025,3,1659,,,5.81,5.31,,,,,,53.30,99.20,93.90,68.20,-0.26,2.32,95.80,85.00,35.00,"1,100.00",121.00,72.00,,,67.00,229.00,39.00,154.00,161.00,13.00
PM23 초지릴,2025.03.04,한솔감열지SF 장항,48,2025,3,2031,,,5.80,5.19,,,,,,53.00,96.70,93.10,68.60,-0.31,2.60,95.60,85.00,35.00,"1,100.00",128.00,74.00,,,68.00,252.00,38.90,152.00,166.00,
PM23 초지릴,2025.03.05,한솔감열지SF 장항,48,2025,3,0004,,,5.63,5.32,,,,,,52.70,96.70,93.44,68.88,-0.29,2.50,95.81,85.00,35.00,"1,100.00",136.00,74.00,,,67.00,194.00,39.00,159.00,167.00,12.60
PM23 초지릴,2025.03.05,한솔감열지SF 장항,48,2025,3,0313,,,5.75,5.45,,,,,,53.00,95.63,93.11,68.02,-0.37,2.59,95.65,80.00,30.00,"1,100.00",117.00,75.00,,,66.00,243.00,38.90,156.00,163.00,
PM23 초지릴,2025.03.06,한솔감열지SF 장항,48,2025,3,0309,,,6.01,5.33,,,,,,52.80,102.12,93.85,65.08,-0.11,1.99,95.45,80.00,30.00,962.00,121.00,78.00,,,63.00,111.00,38.70,145.00,163.00,11.00
PM23 초지릴,2025.03.06,한솔감열지SF 장항,48,2025,3,0507,,,6.10,5.41,,,,,,53.00,100.57,93.94,66.25,-0.31,2.25,95.72,80.00,30.00,974.00,128.00,78.00,,,65.00,126.00,39.20,143.00,160.00,
PM23 초지릴,2025.03.06,한솔감열지SF 장항,48,2025,3,0840,,,5.82,5.25,,,,,,52.50,93.70,93.00,68.80,-0.27,2.54,95.80,80.00,30.00,"1,022.00",103.00,76.00,,,67.00,130.00,38.50,156.00,168.00,12.30
PM23 초지릴,2025.03.06,한솔감열지SF 장항,48,2025,3,1030,,,5.95,5.28,,,,,,53.80,95.10,93.40,69.10,-0.35,2.52,95.90,80.00,30.00,"1,070.00",110.00,72.00,,,67.00,167.00,39.60,147.00,170.00,13.40
PM23 초지릴,2025.03.06,한솔감열지SF 장항,48,2025,3,1217,,,5.80,5.18,,,,,,53.20,94.80,93.40,69.10,-0.32,2.55,95.90,80.00,30.00,"1,096.00",110.00,73.00,,,65.00,195.00,38.70,151.00,170.00,
PM23 초지릴,2025.03.06,한솔감열지SF 장항,48,2025,3,1741,,,5.90,5.42,,,,,,53.10,93.90,93.20,69.10,-0.35,2.62,95.90,80.00,30.00,"1,100.00",121.00,72.00,,,64.00,211.00,38.90,152.00,165.00,13.00
PM23 초지릴,2025.03.10,한솔감열지SF 장항,48,2025,3,0009,,,5.93,5.47,,,,,,53.30,93.10,93.20,67.30,-0.05,2.62,95.90,85.00,35.00,"1,116.00",89.00,73.00,,,62.00,192.00,38.50,151.00,156.00,12.30
PM23 초지릴,2025.03.13,한솔감열지SF 장항,48,2025,3,2121,,,5.77,5.39,,,,,,55.00,101.10,94.40,70.60,-0.25,2.06,95.90,80.00,30.00,"1,105.00",139.00,66.00,,,68.00,380.00,39.00,158.00,162.00,13.00
PM23 초지릴,2025.03.13,한솔감열지SF 장항,48,2025,3,2306,,,5.73,5.44,,,,,,54.30,96.60,93.80,69.30,-0.34,2.39,95.90,80.00,30.00,"1,112.00",125.00,68.00,,,64.00,304.00,38.70,151.00,164.00,
PM23 초지릴,2025.03.14,한솔감열지SF 장항,48,2025,3,0049,,,5.47,5.25,,,,,,53.80,95.60,93.80,70.00,-0.32,2.38,96.10,80.00,30.00,"1,127.00",125.00,67.00,,,66.00,297.00,38.20,156.00,166.00,13.30
PM23 초지릴,2025.03.14,한솔감열지SF 장항,48,2025,3,0415,,,5.49,5.29,,,,,,53.70,92.70,93.50,70.20,-0.34,2.49,96.00,80.00,30.00,"1,135.00",132.00,67.00,,,65.00,318.00,38.60,160.00,169.00,
PM23 초지릴,2025.03.14,한솔감열지SF 장항,48,2025,3,0923,,,5.58,5.31,,,,,,53.30,93.60,93.40,69.50,-0.32,2.36,95.70,80.00,30.00,"1,135.00",132.00,69.00,,,63.00,311.00,38.40,161.00,162.00,13.10
PM23 초지릴,2025.03.14,한솔감열지SF 장항,48,2025,3,1249,,,5.56,5.37,,,,,,53.70,93.20,93.10,70.40,-0.33,2.37,95.80,80.00,30.00,"1,135.00",128.00,69.00,,,64.00,310.00,38.60,157.00,165.00,
PM23 초지릴,2025.03.14,한솔감열지SF 장항,48,2025,3,1615,,,5.72,5.45,,,,,,53.80,93.50,93.00,70.40,-0.27,2.44,95.70,80.00,30.00,"1,135.00",153.00,68.00,,,65.00,297.00,38.30,153.00,160.00,13.00
PM23 초지릴,2025.03.14,한솔감열지SF 장항,48,2025,3,2124,,,5.66,5.55,,,,,,53.40,94.40,93.70,69.90,-0.37,2.61,96.10,80.00,30.00,"1,135.00",128.00,67.00,,,64.00,354.00,38.20,152.00,161.00,
PM23 초지릴,2025.03.15,한솔감열지SF 장항,48,2025,3,0049,,,5.47,5.20,,,,,,53.90,94.40,93.60,69.90,-0.40,2.60,96.10,80.00,30.00,"1,135.00",132.00,67.00,,,65.00,282.00,38.40,161.00,165.00,13.30
PM23 초지릴,2025.03.15,한솔감열지SF 장항,48,2025,3,0413,,,5.56,5.31,,,,,,53.90,94.10,93.60,68.30,-0.42,2.61,96.10,80.00,30.00,"1,135.00",132.00,71.00,,,64.00,269.00,38.90,162.00,168.00,
PM23 초지릴,2025.03.15,한솔감열지SF 장항,48,2025,3,0840,,,5.66,5.30,,,,,,53.90,94.10,93.70,67.40,-0.44,2.66,96.10,80.00,30.00,"1,135.00",143.00,69.00,,,63.00,304.00,39.00,158.00,172.00,13.20
PM23 초지릴,2025.03.15,한솔감열지SF 장항,48,2025,3,1219,,,5.53,5.29,,,,,,53.50,94.50,93.70,69.20,-0.37,2.59,96.10,80.00,30.00,"1,135.00",143.00,72.00,,,64.00,282.00,38.40,161.00,169.00,
PM23 초지릴,2025.03.15,한솔감열지SF 장항,48,2025,3,1633,,,5.53,5.24,,,,,,53.10,86.70,93.40,67.90,-0.46,2.89,96.50,80.00,30.00,"1,135.00",132.00,70.00,,,62.00,223.00,38.40,165.00,168.00,13.00
PM23 초지릴,2025.03.23,한솔감열지SF 장항,48,2025,3,0157,,,5.74,5.38,,,,,,53.80,93.51,93.09,67.33,-0.37,2.40,95.78,80.00,30.00,"1,125.00",143.00,71.00,,,63.00,272.00,38.50,150.00,159.00,13.30
PM23 초지릴,2025.03.23,한솔감열지SF 장항,48,2025,3,0515,,,5.69,5.32,,,,,,53.30,93.21,93.08,67.72,-0.30,2.50,95.84,80.00,30.00,"1,125.00",139.00,70.00,,,61.00,214.00,38.40,151.00,162.00,
PM23 초지릴,2025.03.23,한솔감열지SF 장항,48,2025,3,0842,,,5.64,5.32,,,,,,54.00,96.10,93.50,68.80,-0.34,2.55,95.90,80.00,30.00,"1,130.00",143.00,71.00,,,60.00,240.00,38.50,153.00,157.00,13.20
PM23 초지릴,2025.03.23,한솔감열지SF 장항,48,2025,3,1307,,,5.82,5.22,,,,,,53.80,95.90,93.40,68.60,-0.38,2.57,95.90,85.00,35.00,"1,130.00",117.00,71.00,,,61.00,235.00,38.40,153.00,162.00,
PM23 초지릴,2025.03.23,한솔감열지SF 장항,48,2025,3,1609,,,5.68,5.35,,,,,,54.30,95.10,93.30,69.40,-0.40,2.69,95.90,85.00,35.00,"1,126.00",117.00,71.00,,,63.00,256.00,38.50,155.00,164.00,12.80
PM23 초지릴,2025.03.23,한솔감열지SF 장항,48,2025,3,2118,,,5.73,5.19,,,,,,53.10,95.19,93.39,69.49,-0.35,2.68,95.93,85.00,35.00,"1,130.00",136.00,69.00,,,63.00,267.00,38.20,153.00,165.00,
PM23 초지릴,2025.03.24,한솔감열지SF 장항,48,2025,3,0148,,,5.67,5.31,,,,,,52.70,95.61,93.32,67.57,-0.39,2.67,95.88,85.00,35.00,"1,130.00",132.00,70.00,,,63.00,249.00,38.10,149.00,168.00,13.20
PM23 초지릴,2025.03.24,한솔감열지SF 장항,48,2025,3,0514,,,5.82,5.34,,,,,,53.10,95.97,93.25,68.22,-0.38,2.61,95.82,80.00,30.00,"1,130.00",132.00,70.00,,,64.00,268.00,38.20,155.00,164.00,
PM23 초지릴,2025.03.24,한솔감열지SF 장항,48,2025,3,0829,,,5.75,5.36,,,,,,53.80,96.60,93.50,68.50,-0.36,2.59,95.90,80.00,30.00,"1,130.00",117.00,71.00,,,64.00,260.00,38.20,151.00,163.00,13.10
PM23 초지릴,2025.03.24,한솔감열지SF 장항,48,2025,3,1310,,,5.72,5.43,,,,,,53.30,96.90,93.60,68.80,-0.35,2.58,95.90,80.00,30.00,"1,120.00",121.00,70.00,,,61.00,210.00,38.30,152.00,161.00,
PM23 초지릴,2025.03.24,한솔감열지SF 장항,48,2025,3,1637,,,5.69,5.25,,,,,,53.10,97.40,93.50,68.50,-0.38,2.49,95.80,80.00,30.00,"1,130.00",135.00,70.00,,,65.00,236.00,38.10,153.00,161.00,13.10
PM23 초지릴,2025.03.24,한솔감열지SF 장항,48,2025,3,2002,,,5.71,5.21,,,,,,52.90,96.60,93.40,67.30,-0.38,2.57,95.80,80.00,30.00,"1,130.00",121.00,71.00,,,63.00,214.00,38.50,153.00,164.00,
PM23 초지릴,2025.03.25,한솔감열지SF 장항,48,2025,3,0110,,,5.70,5.25,,,,,,53.20,96.93,93.42,67.04,-0.36,2.48,95.80,80.00,30.00,"1,130.00",121.00,72.00,,,64.00,222.00,38.30,153.00,166.00,13.00
PM23 초지릴,2025.03.25,한솔감열지SF 장항,48,2025,3,0412,,,5.59,5.28,,,,,,53.00,96.05,93.28,67.17,-0.37,2.58,95.81,80.00,30.00,"1,130.00",122.00,69.00,,,63.00,217.00,38.00,155.00,164.00,
PM23 초지릴,2025.03.25,한솔감열지SF 장항,48,2025,3,0924,,,5.94,5.41,,,,,,52.80,96.60,93.40,67.80,-0.36,2.50,95.80,80.00,30.00,"1,130.00",117.00,70.00,,,62.00,220.00,38.00,149.00,162.00,13.20
PM23 초지릴,2025.03.25,한솔감열지SF 장항,48,2025,3,1251,,,5.55,5.25,,,,,,53.40,95.90,93.40,69.20,-0.34,2.53,95.90,80.00,30.00,"1,130.00",121.00,69.00,,,65.00,224.00,38.40,156.00,165.00,
PM23 초지릴,2025.03.25,한솔감열지SF 장항,48,2025,3,1617,,,5.68,5.41,,,,,,53.00,95.50,93.20,69.40,-0.69,2.55,95.80,80.00,30.00,"1,130.00",135.00,70.00,,,63.00,214.00,38.50,160.00,169.00,13.30
PM23 초지릴,2025.03.25,한솔감열지SF 장항,48,2025,3,2016,,,5.78,5.25,,,,,,53.80,96.20,93.40,69.60,-0.39,2.51,95.80,80.00,30.00,"1,130.00",125.00,69.00,,,64.00,243.00,38.40,157.00,170.00,
PM23 초지릴,2025.03.26,한솔감열지SF 장항,48,2025,3,1910,,,5.60,5.27,,,,,,53.00,97.10,93.50,67.70,-0.35,2.53,95.80,80.00,30.00,"1,100.00",146.00,71.00,,,66.00,253.00,38.30,157.00,172.00,13.00
PM23 초지릴,2025.04.03,한솔감열지SF 장항,48,2025,4,1745,,,6.14,5.92,,,,,,54.00,97.20,93.90,67.10,-0.18,2.28,95.90,85.00,35.00,"1,135.00",164.00,69.00,,,65.00,356.00,37.90,155.00,156.00,13.30
PM23 초지릴,2025.04.03,한솔감열지SF 장항,48,2025,4,2109,,,6.07,5.94,,,,,,53.10,94.60,93.20,68.80,-0.25,2.38,95.70,90.00,40.00,"1,135.00",157.00,70.00,,,64.00,250.00,38.60,156.00,157.00,
PM23 초지릴,2025.04.04,한솔감열지SF 장항,48,2025,4,0034,,,5.92,5.49,,,,,,53.20,94.40,93.10,69.70,-0.25,2.39,95.70,90.00,40.00,"1,135.00",175.00,69.00,,,65.00,259.00,38.50,164.00,166.00,13.40
PM23 초지릴,2025.04.04,한솔감열지SF 장항,48,2025,4,0401,,,6.13,5.90,,,,,,53.60,95.50,93.50,68.60,-0.25,2.45,95.90,90.00,40.00,"1,135.00",182.00,69.00,,,65.00,238.00,38.60,152.00,160.00,
PM23 초지릴,2025.04.04,한솔감열지SF 장항,48,2025,4,0808,,,6.11,5.88,,,,,,52.90,96.50,93.50,68.20,-0.27,2.30,95.70,90.00,40.00,"1,150.00",188.00,69.00,,,65.00,233.00,38.40,157.00,164.00,13.10
PM23 초지릴,2025.04.04,한솔감열지SF 장항,48,2025,4,1255,,,5.72,5.49,,,,,,53.80,96.50,93.50,68.20,-0.27,2.28,95.70,90.00,40.00,"1,145.00",197.00,70.00,,,63.00,272.00,38.50,161.00,165.00,
PM23 초지릴,2025.04.04,한솔감열지SF 장항,48,2025,4,1622,,,5.56,5.57,,,,,,53.10,96.20,93.60,68.30,-0.30,2.36,95.80,90.00,40.00,"1,140.00",204.00,69.00,,,63.00,270.00,38.20,161.00,164.00,13.10
PM23 초지릴,2025.04.04,한솔감열지SF 장항,48,2025,4,2050,,,5.85,5.57,,,,,,53.50,94.60,93.40,67.90,-0.33,2.36,95.80,90.00,40.00,"1,140.00",182.00,69.00,,,65.00,306.00,38.50,160.00,161.00,
PM23 초지릴,2025.04.05,한솔감열지SF 장항,48,2025,4,0016,,,5.72,5.53,,,,,,53.20,94.10,93.30,68.30,-0.37,2.50,95.80,90.00,40.00,"1,140.00",168.00,70.00,,,64.00,271.00,38.70,161.00,168.00,13.00
PM23 초지릴,2025.04.05,한솔감열지SF 장항,48,2025,4,0342,,,5.68,5.35,,,,,,53.70,93.70,93.40,69.40,-0.34,2.49,95.90,90.00,40.00,"1,140.00",193.00,69.00,,,64.00,304.00,38.70,165.00,172.00,
PM23 초지릴,2025.04.05,한솔감열지SF 장항,48,2025,4,0851,,,5.75,5.52,,,,,,53.90,94.39,93.58,68.91,-0.33,2.40,95.94,90.00,40.00,"1,140.00",195.00,68.00,,,65.00,316.00,39.00,161.00,168.00,13.10
PM23 초지릴,2025.04.05,한솔감열지SF 장항,48,2025,4,1217,,,5.82,5.61,,,,,,53.40,94.24,93.48,70.19,-0.34,2.42,95.89,90.00,40.00,"1,140.00",179.00,69.00,,,67.00,339.00,38.40,155.00,169.00,
PM23 초지릴,2025.04.05,한솔감열지SF 장항,48,2025,4,1725,,,6.01,5.59,,,,,,53.10,94.60,93.70,68.20,-0.37,2.47,96.00,90.00,40.00,"1,140.00",182.00,69.00,,,68.00,280.00,38.40,158.00,164.00,13.00
PM23 초지릴,2025.04.05,한솔감열지SF 장항,48,2025,4,2134,,,5.80,5.63,,,,,,53.90,95.10,93.60,67.70,-0.49,2.51,95.90,90.00,40.00,"1,092.00",179.00,70.00,,,65.00,250.00,38.40,157.00,162.00,
PM23 초지릴,2025.04.06,한솔감열지SF 장항,48,2025,4,0132,,,5.85,5.75,,,,,,52.10,95.70,93.70,68.10,-0.35,2.49,95.90,90.00,40.00,"1,080.00",161.00,68.00,,,66.00,248.00,37.90,158.00,164.00,13.00
PM23 초지릴,2025.04.06,한솔감열지SF 장항,48,2025,4,0405,,,5.66,5.47,,,,,,54.00,94.40,93.50,68.90,-0.39,2.53,95.90,90.00,40.00,"1,300.00",186.00,67.00,,,67.00,337.00,38.50,165.00,166.00,
PM23 초지릴,2025.04.06,한솔감열지SF 장항,48,2025,4,0914,,,5.85,5.64,,,,,,53.30,95.03,93.65,68.79,-0.37,2.51,95.99,90.00,40.00,"1,140.00",200.00,70.00,,,66.00,311.00,38.50,157.00,164.00,13.10
PM23 초지릴,2025.04.06,한솔감열지SF 장항,48,2025,4,1235,,,5.73,5.52,,,,,,53.20,94.41,93.42,69.58,-0.41,2.58,95.95,90.00,40.00,"1,140.00",200.00,70.00,,,66.00,321.00,38.30,158.00,165.00,
PM23 초지릴,2025.04.06,한솔감열지SF 장항,48,2025,4,1601,,,5.74,5.59,,,,,,53.00,94.80,93.50,68.00,-0.37,2.54,96.00,90.00,40.00,"1,140.00",182.00,67.00,,,67.00,276.00,38.10,160.00,162.00,13.60
PM23 초지릴,2025.04.06,한솔감열지SF 장항,48,2025,4,2016,,,5.72,5.52,,,,,,53.60,94.80,93.50,69.00,-0.38,2.52,95.90,90.00,40.00,"1,140.00",164.00,70.00,,,65.00,256.00,38.50,156.00,162.00,
PM23 초지릴,2025.04.07,한솔감열지SF 장항,48,2025,4,0025,,,5.83,5.40,,,,,,53.30,96.20,94.00,66.70,-0.37,2.52,96.30,90.00,40.00,"1,140.00",189.00,70.00,,,70.00,374.00,38.50,162.00,165.00,13.20
PM23 초지릴,2025.04.10,한솔감열지SF 장항,48,2025,4,0500,,,5.76,5.63,,,,,,53.00,94.30,93.30,68.70,-0.32,2.54,95.80,90.00,40.00,"1,140.00",179.00,70.00,,,64.00,278.00,38.20,162.00,172.00,
PM23 초지릴,2025.04.10,한솔감열지SF 장항,48,2025,4,0824,,,5.76,5.61,,,,,,53.00,96.70,93.60,67.50,-0.33,2.43,95.80,90.00,40.00,"1,128.00",179.00,72.00,,,62.00,230.00,38.20,160.00,162.00,12.60
PM23 초지릴,2025.04.10,한솔감열지SF 장항,48,2025,4,1223,,,5.79,5.57,,,,,,53.50,97.90,93.90,69.30,-0.37,2.19,95.80,90.00,40.00,"1,140.00",171.00,69.00,,,66.00,285.00,38.20,158.00,164.00,13.00
PM23 초지릴,2025.04.10,한솔감열지SF 장항,48,2025,4,1741,,,5.74,5.47,,,,,,53.80,94.00,93.40,70.10,-0.32,2.49,95.90,90.00,40.00,"1,114.00",175.00,69.00,,,67.00,310.00,38.10,164.00,168.00,13.10
PM23 초지릴,2025.04.10,한솔감열지SF 장항,48,2025,4,2041,,,5.82,5.30,,,,,,54.20,94.80,93.40,69.90,-0.35,2.48,95.90,90.00,40.00,"1,130.00",175.00,67.00,,,64.00,375.00,38.20,166.00,174.00,
PM23 초지릴,2025.04.12,한솔감열지SF 장항,48,2025,4,2117,,,5.86,5.79,,,,,,54.40,94.00,93.40,69.10,-0.31,2.46,95.90,90.00,40.00,"1,080.00",207.00,67.00,,,69.00,343.00,38.60,166.00,166.00,14.20
PM23 초지릴,2025.04.13,한솔감열지SF 장항,48,2025,4,0017,,,5.86,5.73,,,,,,53.70,93.05,93.17,68.80,-0.36,2.56,95.90,90.00,40.00,"1,110.00",191.00,71.00,,,67.00,291.00,38.40,158.00,165.00,13.80
PM23 초지릴,2025.04.13,한솔감열지SF 장항,48,2025,4,0913,,,5.82,5.84,,,,,,54.20,93.40,93.10,68.20,-0.33,2.58,95.80,90.00,40.00,"1,096.00",182.00,71.00,,,68.00,313.00,38.70,164.00,166.00,13.00
PM23 초지릴,2025.04.13,한솔감열지SF 장항,48,2025,4,1342,,,5.70,5.65,,,,,,53.30,92.40,92.80,67.00,-0.41,2.60,95.80,90.00,40.00,"1,120.00",186.00,70.00,,,65.00,305.00,38.10,164.00,168.00,
PM23 초지릴,2025.04.13,한솔감열지SF 장항,48,2025,4,1630,,,5.73,5.69,,,,,,52.80,94.50,93.20,68.50,-0.34,2.53,95.70,80.00,30.00,"1,120.00",171.00,69.00,,,67.00,294.00,38.30,161.00,164.00,13.10
PM23 초지릴,2025.04.13,한솔감열지SF 장항,48,2025,4,2025,,,5.80,5.78,,,,,,53.00,95.10,93.30,68.40,-0.36,2.45,95.70,90.00,40.00,"1,120.00",182.00,70.00,,,69.00,333.00,38.70,164.00,165.00,
PM23 초지릴,2025.04.14,한솔감열지SF 장항,48,2025,4,0126,,,5.97,5.71,,,,,,53.20,95.07,93.46,68.78,-0.34,2.49,95.89,90.00,40.00,"1,120.00",200.00,69.00,,,65.00,347.00,38.40,158.00,162.00,12.70
PM23 초지릴,2025.04.14,한솔감열지SF 장항,48,2025,4,0905,,,5.66,5.66,,,,,,53.30,96.40,93.40,69.10,-0.41,2.29,95.70,90.00,40.00,"1,101.00",171.00,70.00,,,66.00,268.00,38.30,162.00,165.00,13.00
PM23 초지릴,2025.04.14,한솔감열지SF 장항,48,2025,4,1232,,,5.97,5.72,,,,,,53.50,93.50,92.90,69.70,-0.52,2.59,95.80,90.00,40.00,"1,137.00",154.00,69.00,,,68.00,300.00,38.20,164.00,162.00,
PM23 초지릴,2025.04.14,한솔감열지SF 장항,48,2025,4,1737,,,5.96,5.71,,,,,,52.70,95.50,93.30,68.20,-0.33,2.58,95.70,90.00,40.00,"1,140.00",179.00,73.00,,,64.00,275.00,38.10,161.00,164.00,13.10
PM23 초지릴,2025.04.14,한솔감열지SF 장항,48,2025,4,2051,,,5.94,5.75,,,,,,53.40,96.10,93.30,68.20,-0.47,2.39,95.60,90.00,40.00,"1,145.00",169.00,71.00,,,68.00,273.00,38.60,153.00,160.00,
PM23 초지릴,2025.04.19,한솔감열지SF 장항,48,2025,4,0208,,,5.56,5.20,,,,,,53.60,92.50,93.20,71.10,-0.37,2.32,95.80,90.00,40.00,"1,130.00",179.00,68.00,,,69.00,342.00,38.10,160.00,169.00,14.80
PM23 초지릴,2025.04.19,한솔감열지SF 장항,48,2025,4,0544,,,5.68,5.45,,,,,,54.30,93.30,93.40,67.60,-0.41,2.57,96.00,90.00,40.00,"1,048.00",175.00,74.00,,,67.00,250.00,38.90,164.00,165.00,
PM23 초지릴,2025.04.19,한솔감열지SF 장항,48,2025,4,0845,,,5.55,5.27,,,,,,53.00,94.30,93.40,69.00,-0.41,2.26,95.80,90.00,40.00,"1,111.00",204.00,70.00,,,68.00,281.00,38.50,161.00,166.00,13.00
PM23 초지릴,2025.04.19,한솔감열지SF 장항,48,2025,4,1215,,,5.32,5.15,,,,,,53.90,90.60,92.70,69.70,-0.42,2.40,95.80,90.00,40.00,"1,120.00",189.00,70.00,,,67.00,323.00,38.40,166.00,168.00,
PM23 초지릴,2025.04.19,한솔감열지SF 장항,48,2025,4,1654,,,5.41,5.23,,,,,,53.00,94.22,93.52,69.32,-0.36,2.39,95.97,90.00,40.00,"1,120.00",175.00,72.00,,,65.00,314.00,38.20,160.00,166.00,13.60
PM23 초지릴,2025.04.19,한솔감열지SF 장항,48,2025,4,2206,,,5.40,5.21,,,,,,52.90,94.21,93.84,69.97,-0.35,2.44,96.12,90.00,40.00,"1,120.00",186.00,69.00,,,66.00,295.00,38.20,163.00,168.00,
PM23 초지릴,2025.04.20,한솔감열지SF 장항,48,2025,4,0141,,,5.41,5.24,,,,,,53.80,93.70,93.60,68.10,-0.38,2.55,96.10,90.00,40.00,"1,120.00",204.00,70.00,,,68.00,331.00,38.20,161.00,165.00,13.80
PM23 초지릴,2025.04.20,한솔감열지SF 장항,48,2025,4,0600,,,5.63,5.18,,,,,,53.30,94.00,93.70,69.40,-0.46,2.42,96.00,90.00,40.00,"1,120.00",164.00,71.00,,,68.00,335.00,38.30,157.00,165.00,13.10
PM23 초지릴,2025.04.20,한솔감열지SF 장항,48,2025,4,0843,,,5.52,5.27,,,,,,53.20,94.40,93.70,67.90,-0.41,2.40,96.00,90.00,40.00,"1,110.00",186.00,70.00,,,66.00,326.00,38.80,163.00,165.00,13.10
PM23 초지릴,2025.04.20,한솔감열지SF 장항,48,2025,4,1410,,,5.41,5.29,,,,,,53.00,93.70,93.60,67.10,-0.41,2.57,96.10,90.00,40.00,"1,120.00",164.00,71.00,,,67.00,301.00,38.10,158.00,164.00,
PM23 초지릴,2025.04.20,한솔감열지SF 장항,48,2025,4,1739,,,5.36,5.21,,,,,,53.40,94.21,93.66,69.28,-0.41,2.55,96.08,90.00,40.00,"1,120.00",189.00,71.00,,,67.00,300.00,38.20,158.00,165.00,13.30
PM23 초지릴,2025.04.20,한솔감열지SF 장항,48,2025,4,2103,,,5.59,5.20,,,,,,53.20,94.40,93.45,68.58,-0.45,2.48,95.94,90.00,40.00,"1,120.00",174.00,70.00,,,66.00,288.00,38.20,158.00,164.00,
PM23 초지릴,2025.04.21,한솔감열지SF 장항,48,2025,4,0049,,,5.39,5.31,,,,,,53.50,91.80,93.00,66.30,-0.49,2.60,95.90,90.00,40.00,"1,101.00",193.00,72.00,,,62.00,285.00,38.40,157.00,160.00,11.70
PM23 초지릴,2025.04.21,한솔감열지SF 장항,48,2025,4,0335,,,5.47,5.30,,,,,,53.40,93.20,93.20,66.70,-0.42,2.62,95.90,90.00,40.00,"1,113.00",182.00,70.00,,,64.00,236.00,38.40,162.00,162.00,13.00
PM23 초지릴,2025.04.22,한솔감열지SF 장항,48,2025,4,1736,,,5.98,5.53,,,,,,53.00,92.95,93.43,65.85,-0.43,2.45,96.01,80.00,30.00,"1,100.00",184.00,71.00,,,60.00,177.00,38.20,147.00,158.00,13.00
PM23 초지릴,2025.04.24,한솔감열지SF 장항,48,2025,4,0858,,,5.78,5.44,,,,,,53.70,89.20,93.10,66.00,-0.46,2.57,96.00,80.00,30.00,"1,135.00",179.00,75.00,,,61.00,226.00,38.40,145.00,153.00,12.10
PM23 초지릴,2025.04.26,한솔감열지SF 장항,48,2025,4,2036,,,5.86,5.36,,,,,,53.00,98.90,93.90,67.80,-0.56,2.53,95.90,90.00,40.00,"1,103.00",179.00,73.00,,,64.00,228.00,38.10,151.00,165.00,12.20
PM23 초지릴,2025.04.30,한솔감열지SF 장항,48,2025,4,0825,,,5.83,5.37,,,,,,53.50,91.30,93.40,66.00,-0.42,2.65,96.10,90.00,40.00,"1,130.00",168.00,75.00,,,63.00,208.00,38.20,156.00,157.00,11.80
PM23 초지릴,2025.04.30,한솔감열지SF 장항,48,2025,4,1316,,,6.03,5.36,,,,,,52.80,91.30,93.10,67.60,-0.37,2.60,95.90,90.00,40.00,"1,130.00",175.00,76.00,,,64.00,187.00,38.50,153.00,160.00,
PM23 초지릴,2025.04.30,한솔감열지SF 장항,48,2025,4,1644,,,5.78,5.42,,,,,,52.40,91.00,92.80,67.80,-0.41,2.62,95.90,90.00,40.00,"1,130.00",161.00,76.00,,,62.00,207.00,38.10,151.00,158.00,12.70
PM23 초지릴,2025.04.30,한솔감열지SF 장항,48,2025,4,2012,,,5.62,5.13,,,,,,53.20,94.30,93.40,67.70,-0.35,2.36,95.80,90.00,40.00,"1,130.00",186.00,73.00,,,63.00,171.00,38.30,156.00,170.00,
PM23 초지릴,2025.05.01,한솔감열지SF 장항,48,2025,5,0123,,,5.66,5.11,,,,,,52.90,94.80,93.50,68.10,-0.30,2.34,95.80,90.00,40.00,"1,130.00",175.00,72.00,,,64.00,202.00,38.10,153.00,164.00,13.10
PM23 초지릴,2025.05.01,한솔감열지SF 장항,48,2025,5,0452,,,5.73,5.48,,,,,,52.80,94.90,93.40,67.20,-0.32,2.35,95.80,90.00,40.00,"1,130.00",179.00,73.00,,,65.00,211.00,38.20,153.00,164.00,
PM23 초지릴,2025.05.01,한솔감열지SF 장항,48,2025,5,0820,,,5.54,5.11,,,,,,53.10,94.50,93.70,67.50,-0.34,2.44,96.00,90.00,40.00,"1,130.00",189.00,74.00,,,63.00,200.00,38.40,157.00,170.00,12.40
PM23 초지릴,2025.05.01,한솔감열지SF 장항,48,2025,5,1330,,,5.69,5.32,,,,,,52.80,94.20,93.70,66.70,-0.38,2.51,96.10,147.00,97.00,"1,300.00",171.00,72.00,,,64.00,190.00,38.20,149.00,162.00,
PM23 초지릴,2025.05.01,한솔감열지SF 장항,48,2025,5,1638,,,5.55,5.18,,,,,,53.60,94.00,93.50,69.40,-0.48,2.30,95.30,90.00,40.00,"1,130.00",200.00,71.00,,,65.00,238.00,38.30,161.00,172.00,12.80
PM23 초지릴,2025.05.01,한솔감열지SF 장항,48,2025,5,2054,,,5.51,5.18,,,,,,53.60,94.00,93.40,69.00,-0.51,2.34,95.80,90.00,40.00,"1,130.00",193.00,68.00,,,64.00,220.00,38.70,162.00,172.00,
PM23 초지릴,2025.05.02,한솔감열지SF 장항,48,2025,5,0022,,,5.75,5.27,,,,,,53.20,93.78,93.45,67.45,-0.43,2.53,95.99,90.00,40.00,"1,130.00",203.00,73.00,,,63.00,232.00,38.40,152.00,165.00,13.20
PM23 초지릴,2025.05.02,한솔감열지SF 장항,48,2025,5,0329,,,5.83,5.37,,,,,,52.80,93.63,93.34,66.37,-0.44,2.59,95.95,90.00,40.00,"1,130.00",197.00,72.00,,,64.00,234.00,38.20,160.00,168.00,
PM23 초지릴,2025.05.02,한솔감열지SF 장항,48,2025,5,0816,,,5.61,5.30,,,,,,53.20,93.20,93.50,67.60,-0.40,2.60,96.00,90.00,40.00,"1,130.00",168.00,76.00,,,63.00,228.00,38.40,157.00,164.00,13.00
PM23 초지릴,2025.05.02,한솔감열지SF 장항,48,2025,5,1221,,,5.59,5.30,,,,,,53.70,93.80,93.30,68.80,-0.48,2.44,95.80,90.00,40.00,"1,135.00",154.00,74.00,,,65.00,237.00,38.40,155.00,161.00,
PM23 초지릴,2025.05.02,한솔감열지SF 장항,48,2025,5,1610,,,5.61,5.22,,,,,,53.80,93.50,93.30,68.10,-0.42,2.45,95.90,90.00,40.00,"1,135.00",182.00,70.00,,,64.00,264.00,38.20,160.00,172.00,13.30
PM23 초지릴,2025.05.02,한솔감열지SF 장항,48,2025,5,2056,,,5.65,5.30,,,,,,52.60,93.90,93.50,68.20,-0.40,2.45,96.00,90.00,40.00,"1,135.00",189.00,72.00,,,67.00,285.00,38.20,160.00,172.00,13.60
PM23 초지릴,2025.05.03,한솔감열지SF 장항,48,2025,5,0008,,,5.62,5.24,,,,,,53.40,94.03,93.53,67.46,-0.41,2.42,95.96,90.00,40.00,"1,135.00",179.00,73.00,,,66.00,260.00,38.30,156.00,165.00,13.70
PM23 초지릴,2025.05.03,한솔감열지SF 장항,48,2025,5,0335,,,5.62,5.32,,,,,,52.90,94.11,93.67,69.59,-0.38,2.47,96.03,90.00,40.00,"1,135.00",186.00,70.00,,,64.00,287.00,38.00,157.00,167.00,
PM23 초지릴,2025.05.03,한솔감열지SF 장항,48,2025,5,0830,,,5.60,5.25,,,,,,53.20,93.80,93.70,68.50,-0.38,2.50,96.10,90.00,40.00,"1,135.00",161.00,72.00,,,64.00,278.00,38.30,157.00,164.00,13.30
PM23 초지릴,2025.05.03,한솔감열지SF 장항,48,2025,5,1239,,,5.86,5.42,,,,,,52.70,94.30,93.40,69.90,-0.50,2.32,95.80,90.00,40.00,"1,135.00",157.00,72.00,,,65.00,242.00,38.20,151.00,164.00,
PM23 초지릴,2025.05.03,한솔감열지SF 장항,48,2025,5,1606,,,5.70,5.28,,,,,,53.10,94.10,93.50,67.10,-0.49,2.49,95.80,90.00,40.00,"1,130.00",171.00,71.00,,,67.00,244.00,38.50,162.00,173.00,13.20
PM23 초지릴,2025.05.03,한솔감열지SF 장항,48,2025,5,2122,,,5.69,5.43,,,,,,53.30,94.50,93.70,68.20,-0.40,2.51,96.00,90.00,40.00,"1,135.00",179.00,71.00,,,63.00,292.00,38.00,155.00,165.00,
PM23 초지릴,2025.05.04,한솔감열지SF 장항,48,2025,5,0050,,,5.59,5.26,,,,,,52.90,94.91,93.59,67.16,-0.47,2.45,95.96,90.00,40.00,"1,135.00",197.00,72.00,,,64.00,261.00,38.20,152.00,164.00,13.10
